blue_gold,blue_xp,blue_barons,blue_dragons,blue_towers,blue_inhibitors,blue_riftHeralds,blue_champions,blue_atakhans,blue_hordes,red_gold,red_xp,red_barons,red_dragons,red_towers,red_inhibitors,red_riftHeralds,red_champions,red_atakhans,red_hordes,label
63944,76185,1,0,3,0,0,33,0,3,70012,85295,0,5,8,2,1,49,1,3,0
76140,98616,2,2,10,2,0,34,0,3,68059,86087,0,3,5,0,1,34,1,3,1
59486,75262,0,2,9,3,1,38,1,6,46902,57875,0,1,4,0,0,16,0,0,1
49152,59770,0,1,4,0,0,24,0,3,43663,54913,0,2,3,0,1,21,1,3,1
39810,43338,0,0,4,0,1,14,0,6,45360,57242,0,3,4,0,0,31,1,0,0
32899,38221,0,0,1,0,0,11,0,1,48337,52085,0,2,10,2,1,27,0,5,0
69225,92893,2,3,9,1,1,26,1,6,56755,75662,0,2,1,0,0,12,0,0,1
53692,59871,0,1,10,1,1,38,0,6,45903,54315,0,1,1,0,0,24,1,0,1
59092,77490,1,3,6,1,1,37,1,0,52682,61408,0,1,5,0,0,20,0,6,1
46644,51241,0,1,8,1,1,22,0,6,37108,45016,0,2,1,0,0,18,0,0,1
75714,97986,1,4,9,2,0,57,1,6,73057,90679,1,1,6,0,1,43,0,0,1
41686,50999,0,0,2,0,0,15,0,1,50509,64057,0,3,7,1,1,32,1,5,0
62090,82002,0,2,4,0,1,30,1,1,71604,82411,1,2,10,2,0,32,0,5,0
44694,52013,0,0,2,0,0,14,0,6,53363,66397,1,4,6,1,1,25,0,0,0
80267,126628,0,0,3,2,0,72,0,0,85761,133570,0,0,4,2,0,80,0,0,0
31878,33309,0,2,3,0,0,19,0,3,24252,29073,0,0,0,0,0,6,0,3,1
80859,122614,0,0,2,0,0,74,0,0,80826,129720,0,0,4,3,0,77,0,0,0
65444,79065,0,3,10,2,0,44,1,2,59513,68348,1,1,4,0,1,30,0,4,1
51630,61492,0,1,1,0,0,26,0,0,59418,71147,1,3,8,1,1,34,0,6,0
23705,30434,0,0,0,0,0,3,0,1,31355,36665,0,1,2,0,0,18,0,5,0
35615,36539,0,1,5,0,0,21,0,5,22191,23996,0,0,0,0,0,5,0,1,1
62272,77657,0,0,5,0,0,22,1,6,73138,94740,1,5,11,3,1,49,0,0,0
65329,85108,1,1,3,0,0,37,0,2,71630,93649,1,4,9,2,1,33,1,1,0
29970,33122,0,1,1,0,0,18,0,3,25683,31490,0,0,0,0,0,5,0,3,1
60276,72511,0,2,6,0,1,32,1,3,66555,82661,1,3,10,2,0,39,0,1,0
80655,105188,0,2,5,0,1,35,0,5,78849,104133,2,3,13,6,0,45,1,1,0
62172,78148,1,2,9,1,1,30,1,5,54199,66189,0,2,4,0,0,28,0,1,1
62740,78442,0,3,4,0,0,41,1,6,72077,90049,2,2,11,2,1,35,0,0,0
61688,78097,1,4,9,1,0,45,1,3,52764,62492,0,0,4,0,1,30,0,3,1
79761,96674,0,1,4,0,1,54,1,2,86117,107920,1,4,9,2,0,58,0,4,0
59754,74350,1,2,10,2,1,35,1,6,48647,58916,0,2,2,0,0,21,0,0,1
62885,79989,0,1,2,0,0,26,0,0,75388,95434,1,4,11,3,1,45,1,6,0
32700,34845,0,0,2,0,0,20,0,6,22571,25887,0,1,0,0,0,4,0,0,1
45544,51111,0,2,6,0,1,32,0,6,30156,35970,0,0,0,0,0,6,0,0,1
51484,64532,0,3,8,1,1,24,1,3,45337,52495,0,1,2,0,0,14,0,3,1
68208,84703,1,3,9,1,1,42,1,4,58339,71577,0,2,4,0,0,22,0,2,1
90488,148893,0,0,4,1,0,88,0,0,85424,130541,0,0,3,1,0,64,0,0,1
56441,72694,0,0,2,0,0,45,0,0,59204,80370,0,0,4,1,0,49,0,0,0
69540,103564,0,0,4,2,0,56,0,0,68655,97655,0,0,1,0,0,47,0,0,1
85921,141366,0,0,4,2,0,69,0,0,82566,124443,0,0,1,0,0,62,0,0,1
32698,33285,0,0,0,0,0,22,0,0,34626,35345,0,0,2,0,0,26,0,0,0
50394,54414,0,1,10,2,1,28,0,6,39831,49183,0,1,1,0,0,15,0,0,1
69955,85522,0,1,5,0,1,27,1,3,78183,99190,1,4,10,3,0,40,0,3,0
67017,82801,1,1,3,0,0,33,0,3,74767,97711,1,4,7,0,1,56,1,3,0
76698,96268,0,2,5,0,0,40,0,4,80308,100791,2,4,13,4,1,46,1,2,0
65887,77556,0,2,8,1,1,22,0,0,67842,85631,1,3,6,0,0,38,1,6,1
67922,82820,1,3,11,3,1,38,1,6,58447,73542,0,1,4,0,0,25,0,0,1
4673,3619,0,0,0,0,0,0,0,0,4667,3608,0,0,0,0,0,0,0,0,0
54935,66722,0,2,7,0,1,37,1,3,45286,53723,0,1,1,0,0,23,0,0,1
42061,46756,0,0,2,0,1,13,0,6,49103,63345,0,3,6,0,0,20,1,0,0
74414,93134,2,2,13,3,1,27,0,5,67013,86902,0,3,4,0,0,22,1,1,1
63631,77428,0,4,7,1,1,22,1,6,69094,92723,2,2,5,1,0,25,0,0,0
47495,62293,0,1,1,0,0,21,1,3,60976,71187,1,3,10,3,1,32,0,3,0
37545,45546,0,2,3,0,1,18,0,6,29569,35723,0,0,0,0,0,6,0,0,1
117929,225382,0,0,4,4,0,82,0,0,119760,225516,0,0,2,2,0,87,0,0,1
66514,84679,1,4,7,1,1,33,0,6,59295,76959,0,0,2,0,0,28,1,0,1
43132,51658,0,2,9,1,1,19,0,3,33543,43665,0,0,1,0,0,7,0,3,1
22742,29307,0,0,0,0,0,4,0,1,30766,34919,0,2,2,0,0,16,0,2,0
53384,64152,0,3,10,2,1,31,1,3,42953,53169,0,0,1,0,0,18,0,3,1
50172,56346,0,1,4,0,0,14,0,3,57301,72431,1,3,9,1,1,32,1,3,0
57561,73225,1,3,7,1,1,32,0,3,50621,63194,0,1,5,0,0,13,1,3,1
24646,28309,0,1,1,0,0,4,0,0,32798,36170,0,0,3,0,0,22,0,6,0
50651,61769,0,1,2,0,0,24,0,3,62794,79532,1,2,10,2,1,43,1,3,0
62637,76506,1,2,10,2,1,35,1,5,52773,63867,0,1,1,0,0,24,0,1,1
59408,75590,1,4,10,2,1,28,1,6,46890,55087,0,0,3,0,0,19,0,0,1
49572,59983,0,0,3,0,0,22,0,5,63881,78933,1,4,10,2,1,46,1,1,0
49016,58534,0,0,3,0,1,24,0,6,58417,80851,1,4,11,3,0,22,1,0,0
27168,31338,0,0,0,0,0,11,0,0,32758,36979,0,2,2,0,0,19,0,3,0
61236,78061,0,0,4,0,1,27,1,0,64956,81049,1,4,10,2,0,27,0,6,0
56702,66903,1,1,7,1,0,27,0,5,50719,59579,0,2,4,0,1,20,1,1,1
55439,60784,0,2,8,2,0,31,0,6,59422,74427,0,2,7,1,1,41,1,0,0
34246,38126,0,0,2,0,0,27,0,5,24078,27144,0,1,0,0,0,5,0,1,1
51711,62532,0,1,3,0,0,17,0,2,62732,77099,1,2,9,2,1,37,0,4,0
53089,65120,0,0,3,0,0,13,0,5,62471,76203,1,4,11,3,1,23,1,1,0
33314,35276,0,2,4,0,0,13,0,6,22767,26925,0,0,0,0,0,7,0,0,1
85270,111879,1,2,6,1,1,37,1,6,88702,110900,2,4,11,3,0,49,0,0,0
38862,47395,0,1,3,0,1,14,0,6,39749,52216,0,2,2,0,0,12,0,0,0
63730,78064,1,3,7,1,1,26,1,6,70254,82131,0,2,8,1,0,39,0,0,0
70061,85982,0,3,9,1,0,44,1,4,67716,82897,1,2,5,0,1,29,0,2,1
70438,95859,2,3,7,0,1,24,1,6,69603,93150,0,3,6,1,0,33,0,0,0
69444,82244,1,0,7,1,0,32,0,3,74614,93999,1,5,9,1,1,42,1,3,0
41442,51505,0,1,1,0,1,15,0,3,54507,67172,0,2,11,3,0,31,1,3,0
47543,64157,0,1,0,0,0,22,0,4,63613,81082,1,2,11,2,1,36,1,2,0
52823,63671,0,0,3,0,1,19,0,4,64641,83071,1,4,10,2,0,34,1,2,0
41768,47464,0,2,6,0,0,24,0,3,30987,35290,0,0,0,0,0,12,0,3,1
63279,77594,1,3,11,3,0,32,1,6,54570,64197,0,1,4,0,1,21,0,0,1
31418,36776,0,2,1,0,0,20,0,4,28439,32239,0,0,1,0,0,9,0,2,1
67397,88844,1,2,11,3,0,39,1,4,57872,73591,0,2,2,0,1,21,0,2,1
48566,60858,0,3,7,0,1,26,1,5,39611,48514,0,0,0,0,0,13,0,1,1
69083,84274,1,3,11,2,1,48,1,4,60578,74376,0,0,5,0,0,28,0,2,1
45355,56401,0,0,2,0,0,16,0,4,50812,66028,0,4,5,1,1,28,1,0,0
49333,57015,0,2,6,0,1,28,0,3,41722,48879,0,1,2,0,0,20,0,3,1
59038,64544,0,1,4,0,0,28,0,5,65589,77486,0,2,9,1,1,44,1,1,0
61622,85237,0,0,1,0,0,50,0,0,65778,90471,0,0,3,1,0,56,0,0,0
67795,88639,1,2,11,2,1,39,1,1,55219,72244,0,2,2,0,0,26,0,5,1
73176,94624,1,3,9,1,1,40,1,5,69518,81437,0,2,5,0,0,27,0,1,1
66421,85432,1,2,9,2,1,51,1,6,60455,75556,0,3,3,0,0,35,0,0,1
22706,29637,0,0,0,0,0,3,0,0,34842,36875,0,2,3,0,0,20,0,6,0
74969,96956,2,3,9,2,0,41,0,3,66007,80188,0,3,9,2,1,28,1,3,1
40054,46072,0,0,1,0,1,18,0,6,46390,59927,0,3,4,0,0,26,1,0,0
53673,64554,0,1,10,2,1,27,1,6,49189,60280,0,2,4,1,0,23,0,0,1
59326,67987,0,4,9,1,0,41,0,6,48684,55235,0,0,2,0,1,26,1,0,1
61627,77485,1,2,4,0,0,32,0,1,67619,84977,0,2,9,3,1,48,1,5,0
42296,49666,0,0,2,0,0,34,0,0,41422,43904,0,0,1,0,0,23,0,0,1
79037,119078,0,0,2,0,0,65,0,0,80827,126600,0,0,4,1,0,63,0,0,0
84331,108041,1,3,5,1,1,40,0,6,89184,121901,1,4,8,2,0,54,1,0,0
26633,27408,0,1,1,0,0,14,0,0,37447,34333,0,0,7,0,0,26,0,6,0
42398,50188,0,0,4,0,0,19,0,6,47178,61208,0,3,5,0,0,29,1,0,0
26679,29300,0,2,1,0,0,9,0,0,32353,35310,0,0,5,0,0,11,0,6,0
41364,47353,0,1,5,0,1,23,0,4,34505,41413,0,1,2,0,0,8,0,2,1
67017,81147,1,3,10,2,1,34,0,5,54532,68885,0,1,4,0,0,20,1,1,1
43130,49728,0,1,7,0,1,24,0,6,28513,36545,0,0,0,0,0,10,0,0,1
45160,57266,0,1,5,0,1,18,1,6,35827,46509,0,2,0,0,0,9,0,0,1
52580,66243,0,1,3,0,1,21,0,6,65262,79619,1,3,10,2,0,35,1,0,0
56917,71186,0,1,4,0,1,28,0,4,61433,75926,1,4,6,1,0,26,1,2,0
58344,69284,0,2,8,1,1,38,1,5,48693,54952,0,1,3,0,0,27,0,1,1
52105,60559,0,2,3,0,0,22,0,2,56605,67962,0,2,9,1,1,32,1,4,0
28936,36592,0,1,0,0,0,7,0,0,33357,39470,0,1,3,0,0,13,0,6,0
56767,72251,0,0,2,0,0,22,0,3,68093,87184,1,4,10,2,1,40,1,3,0
49444,60294,0,1,3,0,0,9,0,2,63018,82163,0,3,10,2,1,33,1,4,0
47205,58366,0,0,4,0,0,10,0,4,57296,74344,1,4,8,1,1,27,1,2,0
33008,42767,0,0,0,0,0,10,0,0,46456,51341,0,2,9,2,1,28,0,6,0
41970,58920,0,0,1,0,0,13,0,4,58449,71850,0,3,10,2,1,36,0,0,0
41180,50021,0,3,4,0,1,15,1,6,37192,46492,0,0,2,0,0,16,0,0,1
46044,49854,0,1,11,2,1,23,0,5,35620,43188,0,0,1,0,0,14,0,1,1
34608,35123,0,0,3,0,0,24,0,4,25938,29071,0,1,0,0,0,8,0,2,1
52314,63155,0,2,4,0,1,28,1,3,45395,53643,0,1,1,0,0,23,0,1,1
59771,75024,1,1,8,1,1,42,1,3,52410,62453,0,3,3,0,0,32,0,3,1
104504,124715,1,2,12,2,0,58,1,0,98303,114803,0,2,7,0,0,45,0,3,1
105357,127520,0,1,11,1,0,49,0,0,92273,114384,0,3,7,0,0,42,1,3,1
72144,88095,0,2,7,2,1,36,1,3,70719,82440,1,1,3,0,0,33,0,0,1
24333,29549,0,1,0,0,0,7,0,0,32037,34692,0,0,3,0,0,20,0,6,0
58790,74275,0,2,8,1,1,32,0,6,48662,61761,0,2,2,0,0,17,1,0,1
25554,30573,0,2,0,0,0,6,0,5,32306,34442,0,0,3,0,0,17,0,1,0
56732,74634,1,1,8,1,1,26,1,3,47783,59321,0,3,4,0,0,18,0,3,1
70742,85203,1,3,8,1,1,45,1,5,66665,76968,0,2,6,0,0,37,0,1,1
62200,82890,0,2,11,3,0,36,1,0,46589,59690,0,1,3,0,1,14,0,6,1
71273,88384,1,3,10,3,0,34,0,3,71994,92997,1,2,9,1,1,37,1,3,0
47976,58035,0,2,0,0,0,26,0,2,62717,75664,0,1,11,3,1,46,1,4,0
64068,74967,1,2,5,1,0,40,1,0,69111,79707,0,2,11,1,1,47,0,6,0
43222,54529,0,0,2,0,0,8,0,3,49519,68066,0,4,4,0,0,26,1,3,0
53161,67637,0,1,2,0,0,17,0,5,62249,76249,1,3,11,2,1,29,1,1,0
54194,69204,0,1,3,0,0,29,0,0,65988,84965,1,3,8,1,1,46,1,6,0
59979,78233,0,2,5,0,0,29,1,3,64540,80044,1,2,9,1,1,36,0,3,0
27341,28445,0,0,0,0,0,13,0,1,36022,35438,0,1,4,0,0,27,0,2,0
57291,71915,0,1,3,0,0,37,0,4,68581,86607,0,3,10,2,1,45,1,2,0
64311,74443,1,1,10,2,1,41,0,6,52554,61339,0,3,0,0,0,36,1,0,1
82090,104876,1,4,7,1,0,37,0,1,79411,100217,1,1,7,1,1,26,1,5,1
67560,88890,1,3,9,1,1,24,1,5,63733,80039,0,2,6,0,0,28,0,1,1
39080,47088,0,1,0,0,0,19,0,0,51922,56562,0,2,8,1,1,36,0,6,0
31696,34946,0,0,2,0,0,20,0,2,25559,30301,0,1,0,0,0,7,0,1,1
80074,103412,1,4,8,1,1,57,0,6,89177,114430,1,2,10,1,0,58,1,0,0
37337,44123,0,0,0,0,0,21,0,3,53945,59773,0,2,9,1,0,43,0,3,0
41222,45507,0,1,3,0,0,18,0,6,52014,62402,0,2,6,0,1,37,0,0,0
40476,47965,0,0,1,0,0,15,0,3,48966,55553,0,3,7,2,0,31,0,3,0
56119,70678,1,3,5,0,1,37,1,1,48998,58808,0,0,4,0,0,19,0,5,1
46857,52968,0,0,7,1,1,21,0,5,55810,65884,0,3,11,1,0,31,1,1,0
41775,53837,0,0,2,0,0,12,0,6,55009,68527,0,3,10,2,1,31,1,0,0
72555,98142,1,3,8,2,1,45,1,6,63654,80623,0,2,5,0,0,22,0,0,1
41336,49521,0,3,4,0,1,21,0,6,33235,47238,0,0,1,0,0,15,0,0,1
8998,9293,0,0,0,0,0,2,0,0,7032,6974,0,0,0,0,0,0,0,0,1
68375,79800,1,2,7,0,0,31,0,1,70415,90539,1,3,8,1,1,43,1,5,0
29009,34827,0,0,1,0,0,4,0,3,37844,44163,0,2,4,0,0,18,0,3,0
41413,45958,0,2,8,1,1,21,0,3,29957,39572,0,0,0,0,0,4,0,3,1
57589,68256,0,0,6,1,0,33,0,6,49368,62030,0,4,2,0,0,23,1,0,1
70606,88587,0,0,4,0,1,38,1,6,79981,102745,2,5,9,2,0,53,0,0,0
64392,85206,0,1,4,0,1,25,1,5,76698,95101,1,4,11,3,0,37,0,1,0
69215,80029,0,1,11,2,1,47,1,3,59255,76324,1,3,4,0,0,34,0,3,1
66865,78622,0,3,10,2,1,46,1,6,56580,74202,1,2,0,0,0,28,0,0,1
52360,66960,1,1,6,0,0,23,1,1,44875,53835,0,2,2,0,1,17,0,5,1
61705,77815,1,3,11,3,0,35,1,0,49746,61744,0,1,3,0,1,21,0,6,1
33191,33406,0,1,2,0,0,24,0,6,25633,27539,0,0,1,0,0,10,0,0,1
47153,55920,0,0,3,0,0,17,0,1,60523,72127,0,3,10,2,1,43,1,5,0
66790,81580,1,3,11,3,1,32,0,4,52673,65127,0,1,3,0,0,27,1,2,1
48070,60503,0,0,3,0,1,15,0,6,57002,73316,1,3,7,1,0,35,1,0,0
49183,52881,0,2,11,2,0,36,0,6,31267,36300,0,0,1,0,0,9,0,0,1
50279,53241,0,0,4,0,0,29,0,6,53360,66832,0,3,6,1,1,34,1,0,0
60817,76593,1,2,10,2,0,31,1,6,52781,65891,0,1,4,0,0,21,0,0,1
63647,76888,0,0,6,0,0,34,1,3,65764,78673,1,4,8,1,1,36,0,3,0
76226,92910,0,3,9,2,0,40,0,1,80287,100625,2,2,12,4,1,44,1,5,0
54886,67360,0,3,9,1,1,32,1,3,47500,55035,0,0,3,0,0,20,0,3,1
69532,90001,1,4,9,1,1,26,0,3,69560,88398,1,1,5,0,0,31,1,3,1
46260,53679,0,0,0,0,0,23,0,3,57277,70431,0,3,11,2,1,39,1,3,0
40776,49350,0,1,4,0,1,21,0,6,34640,40331,0,2,1,0,0,11,0,0,1
54740,69694,0,1,6,0,1,27,1,5,48985,57580,0,2,2,0,0,16,0,1,1
77163,98699,1,3,10,2,1,42,0,3,68910,87834,0,0,5,0,0,31,1,0,1
34471,35701,0,0,2,0,0,22,0,6,25594,33069,0,1,0,0,0,7,0,0,1
48606,53436,0,1,9,1,1,26,0,0,35569,42880,0,1,0,0,0,14,0,6,1
39897,47490,0,1,2,0,0,10,0,3,50976,59858,0,2,11,3,1,25,1,3,0
70208,83327,1,2,12,2,1,38,1,6,60314,75756,0,2,2,0,0,31,0,0,1
59328,74449,1,2,8,1,1,34,1,6,51736,66766,0,1,3,0,0,27,0,0,1
67646,86850,1,4,11,3,0,38,0,6,60339,74426,0,1,3,0,1,28,1,0,1
60204,77110,0,1,10,2,1,44,1,5,49119,59186,0,2,4,0,0,18,0,1,1
59943,77659,1,3,9,2,1,28,1,0,53282,69443,0,1,4,0,0,16,0,6,1
51724,60917,0,1,4,0,0,22,0,5,62257,78141,1,3,10,2,1,29,1,1,0
60717,77171,1,4,6,1,1,35,1,4,51431,64777,0,0,2,0,0,21,0,2,1
80831,108457,1,2,6,0,0,45,1,2,83264,105992,1,4,10,2,1,46,0,4,0
44049,46742,0,0,3,0,0,19,0,6,47478,59117,0,4,3,0,1,29,1,0,0
36381,44827,0,0,0,0,0,10,0,3,47898,60394,0,3,5,0,1,26,1,3,0
63884,74517,1,0,6,0,1,26,0,6,63356,83129,0,4,5,1,0,36,1,0,0
33455,42272,0,0,2,0,1,13,0,6,27730,36870,0,2,0,0,0,7,0,0,1
55692,70860,0,0,3,0,0,13,1,4,64538,86600,1,4,10,1,1,34,0,2,0
37759,46196,0,1,4,1,1,16,0,6,33962,40146,0,1,1,0,0,10,0,0,1
76581,95109,2,3,7,1,0,33,0,1,81718,100831,0,3,10,2,1,42,1,5,0
44608,51301,0,1,3,0,1,19,0,1,49302,61431,0,2,5,0,0,23,1,5,0
50596,62886,0,1,4,0,0,27,1,3,42482,49097,0,2,1,0,1,19,0,3,1
63018,77649,1,0,3,0,1,32,0,2,68733,90236,0,4,9,2,0,41,1,4,0
62120,78632,1,2,10,3,1,40,1,0,50978,59881,0,2,3,0,0,21,0,6,1
52330,64429,0,1,4,0,1,21,1,4,56100,69171,0,3,8,1,0,30,0,2,0
67506,83234,1,3,6,0,1,35,1,5,56701,66235,0,1,4,0,0,20,0,1,1
51232,63010,0,1,7,1,1,28,1,5,40705,51211,0,2,1,0,0,18,0,1,1
27893,32618,0,1,1,0,0,11,0,4,24015,30682,0,1,0,0,0,6,0,2,1
39713,50834,0,1,4,0,1,20,0,4,29363,38010,0,1,0,0,0,6,0,2,1
38396,45510,0,2,2,0,1,23,0,5,33313,39477,0,0,0,0,0,12,0,1,1
70278,81629,1,2,10,1,0,47,0,2,62483,75530,0,2,5,0,1,36,1,4,1
50919,61966,0,2,11,3,1,28,0,6,37603,48608,0,1,0,0,0,10,0,0,1
54973,63448,0,3,7,1,1,26,0,0,54864,68809,1,1,7,1,0,22,1,6,0
66595,79815,1,2,10,2,1,35,0,4,50336,66060,0,2,1,0,0,26,1,2,1
26507,29587,0,1,2,0,0,5,0,3,29924,34682,0,1,3,0,0,10,0,3,0
66435,83047,1,2,7,1,1,42,0,3,65475,75228,0,2,8,2,0,35,1,3,1
54907,67653,1,2,5,0,1,28,1,3,46135,54289,0,2,3,0,0,14,0,3,1
49974,62705,0,0,3,0,1,21,0,5,57888,76027,1,3,7,0,0,35,1,1,0
60465,76429,1,4,6,0,1,20,0,0,63923,84506,0,1,8,1,0,28,1,6,0
63245,78363,1,2,10,1,1,30,0,3,54880,64650,0,2,5,0,0,20,1,3,1
55592,65454,0,2,10,2,1,35,1,3,39559,49875,0,0,0,0,0,13,0,0,1
55586,70714,0,2,8,1,1,17,0,2,48474,64890,0,2,2,0,0,13,0,4,1
50879,65461,0,3,9,2,1,34,1,5,40014,47873,0,0,1,0,0,15,0,1,1
53751,68525,0,1,10,2,1,18,1,5,37672,50951,0,3,1,0,0,4,0,1,1
62884,75908,1,4,10,2,1,39,0,5,50903,60994,0,0,3,0,0,21,1,1,1
40849,49643,0,0,1,0,0,12,0,6,49268,63838,0,2,6,1,1,29,1,0,0
46204,56625,0,1,2,0,0,21,0,6,55736,68121,0,2,10,2,1,34,1,0,0
48088,61448,0,3,5,0,1,24,1,1,43451,49714,0,0,3,0,0,17,0,5,1
63411,79064,0,2,11,2,1,39,1,4,49065,60809,0,2,0,0,0,23,0,2,1
61815,79449,1,2,11,3,0,37,1,5,51425,64091,0,2,3,0,0,21,0,1,1
42001,47526,0,1,1,0,0,22,0,3,53866,61343,0,2,9,3,1,33,1,3,0
71297,91963,1,3,9,2,1,43,1,1,65953,78088,0,1,4,0,0,44,0,5,1
26925,31195,0,0,1,0,0,11,0,2,32861,33824,0,2,2,0,0,20,0,1,0
55225,69314,0,3,7,0,0,26,1,5,61751,72499,1,1,7,1,1,42,0,1,0
71782,92618,1,3,8,1,0,27,1,3,77943,103761,1,3,8,1,1,34,0,3,0
51173,59763,0,0,5,0,1,21,0,3,56871,74740,1,4,6,1,0,25,1,3,0
55548,67730,0,1,2,0,0,20,0,5,65901,86474,1,3,10,2,1,36,1,1,0
51569,69578,1,3,6,0,1,17,1,2,47042,58171,0,0,2,0,0,11,0,4,1
55307,64682,0,1,3,0,1,19,0,3,65196,83337,1,3,10,2,0,38,1,3,0
75448,95680,2,3,9,1,0,40,1,4,66212,81647,0,2,3,0,0,30,0,2,1
84498,107659,2,5,10,2,1,41,0,6,75092,93107,0,1,7,2,0,29,1,0,1
53457,62518,0,1,3,0,1,24,0,1,58697,71019,1,3,9,2,0,31,1,5,0
47782,55173,0,0,1,0,0,29,0,0,54016,63469,0,2,7,2,1,39,1,6,0
31782,34933,0,1,3,0,0,14,0,3,25981,30104,0,1,0,0,0,8,0,3,1
53054,67305,0,0,5,0,0,23,1,3,54384,66076,0,4,5,1,1,28,0,3,0
56956,72284,0,2,4,0,0,27,0,1,66337,81608,1,2,11,3,1,28,1,5,0
36499,38209,0,1,3,0,0,23,0,4,28526,32630,0,1,1,0,0,11,0,2,1
50215,59611,0,1,8,1,1,31,1,6,43267,51353,0,2,2,0,0,22,0,0,1
62554,78999,0,3,5,0,0,42,1,0,70320,79407,1,1,11,3,1,38,0,6,0
60155,70506,0,2,9,2,1,31,0,1,54518,67305,1,1,4,0,0,22,1,5,1
39454,44370,0,0,3,0,0,21,0,3,34264,37813,0,2,2,0,0,11,0,3,1
42904,59818,0,0,1,0,0,17,0,0,55129,70533,0,3,8,1,1,30,1,6,0
60955,76650,1,2,11,2,1,34,1,6,50864,62549,0,2,4,0,0,24,0,0,1
62601,74311,0,3,7,1,0,42,0,3,59141,67628,0,1,3,0,1,38,1,3,1
33163,35441,0,1,3,0,0,25,0,5,24927,27481,0,1,0,0,0,7,0,1,1
41909,44924,0,2,7,1,0,22,0,6,31122,39956,0,0,0,0,0,9,0,0,1
48674,59461,0,1,1,0,0,28,0,6,55392,68303,0,3,9,1,1,34,1,0,0
40144,47386,0,1,5,0,1,20,0,6,32299,38211,0,1,1,0,0,12,0,0,1
57137,71613,0,0,3,0,0,23,0,2,66325,85903,1,4,8,1,1,41,1,4,0
63121,83481,1,4,10,2,1,45,1,2,54632,67161,0,0,4,0,0,23,0,4,1
56902,74967,0,0,4,0,1,24,1,1,66875,85911,1,4,10,3,0,36,0,5,0
60705,76178,0,4,10,1,1,43,1,6,48044,60266,0,0,0,0,0,22,0,0,1
64582,75308,1,2,10,1,0,33,0,6,54848,68435,0,2,4,0,1,28,1,0,1
42064,50528,0,0,1,0,0,15,0,0,56924,71547,0,2,11,2,1,39,1,6,0
27564,33493,0,0,0,0,0,6,0,3,45307,48364,0,3,10,1,1,25,0,3,0
47861,62962,0,0,2,0,0,16,0,0,54969,69811,0,3,7,2,1,36,1,6,0
81283,108497,0,2,7,1,0,23,0,0,84380,111170,2,4,13,5,1,41,1,6,0
77143,119529,0,0,1,0,0,59,0,0,82902,135377,0,0,4,2,0,81,0,0,0
33480,35457,0,0,2,0,0,23,0,0,28408,27973,0,0,0,0,0,7,0,0,1
36950,42080,0,0,0,0,0,27,0,0,43467,50913,0,0,4,1,0,39,0,0,0
65957,80802,0,2,7,1,1,27,0,0,65599,80815,1,3,5,0,0,35,1,6,1
33599,39225,0,0,1,0,0,11,0,0,45539,51256,0,3,8,1,1,24,0,6,0
39945,42657,0,2,4,0,1,23,0,5,32919,38687,0,0,0,0,0,14,0,1,1
28207,31647,0,0,1,0,0,12,0,0,33341,37018,0,1,2,0,0,26,0,5,0
49485,60682,0,1,4,0,1,17,0,6,56286,75315,1,3,6,0,0,22,1,0,0
29861,36835,0,1,0,0,0,9,0,3,38169,47018,0,1,3,0,1,20,0,3,0
41351,50328,0,0,1,0,1,14,0,3,46278,57070,0,4,3,0,0,22,0,3,0
25491,29090,0,0,1,0,0,4,0,5,32738,34802,0,2,4,0,0,19,0,1,0
33075,33614,0,0,4,0,0,20,0,3,21223,25993,0,1,0,0,0,3,0,3,1
55182,75518,1,4,6,1,1,33,1,6,48166,58239,0,0,3,0,0,14,0,0,1
55176,68606,0,2,10,2,1,30,1,5,43551,50603,0,1,3,0,0,15,0,1,1
55023,69804,0,1,3,0,1,18,0,2,62736,88322,2,4,5,0,0,24,1,4,0
59986,70384,0,1,5,0,1,31,0,6,64180,84312,1,4,8,1,0,31,1,0,0
62192,70800,0,1,6,1,1,28,0,3,70641,93971,1,4,7,1,0,39,1,3,0
62441,76804,1,0,11,3,1,37,1,5,47599,55689,0,2,2,0,0,21,0,1,1
43474,45840,0,2,9,1,1,29,0,5,32990,38987,0,0,0,0,0,15,0,1,1
58841,78440,0,1,9,1,1,33,1,5,46960,60922,0,1,2,0,0,15,0,1,1
64993,79380,1,3,9,1,0,41,1,3,51265,64386,0,1,3,0,1,23,0,3,1
50990,63880,0,2,2,0,1,21,1,3,60381,76385,1,2,7,1,0,34,0,3,0
33245,37483,0,1,3,0,1,14,0,4,27674,33703,0,1,1,0,0,6,0,2,1
60827,77190,1,2,7,1,1,34,1,4,55893,65361,0,2,6,0,0,21,0,2,1
31764,33016,0,1,2,0,0,18,0,2,24040,27725,0,0,0,0,0,6,0,4,1
50111,55836,0,2,7,1,1,19,0,6,44429,58044,0,1,3,0,0,16,1,0,1
61463,76554,0,3,11,3,1,38,1,6,57842,73657,1,0,5,0,0,23,0,0,1
60511,73743,1,2,10,2,1,35,1,6,51125,61217,0,0,2,0,0,23,0,0,1
61372,78163,1,2,8,1,0,38,1,6,53297,63015,0,1,4,0,1,28,0,0,1
82053,106328,1,3,12,3,1,42,0,6,73867,99337,1,3,3,0,0,41,1,0,1
45318,57435,0,0,1,0,0,21,0,5,49036,63932,0,4,3,0,0,30,1,1,0
46955,54583,0,1,3,0,0,18,0,0,57147,63887,0,2,9,1,1,36,1,6,0
59014,78270,1,2,9,1,0,23,1,5,45512,62079,0,2,1,0,1,12,0,1,1
28353,33481,0,0,1,0,0,8,0,2,32417,38064,0,1,2,0,0,20,0,4,0
44328,51951,0,1,1,0,1,13,0,3,57931,73760,0,3,10,2,0,34,1,3,0
41896,49999,0,1,2,0,0,18,0,2,50381,61595,0,2,7,2,1,34,1,4,0
57088,74248,1,2,10,2,1,25,1,6,45512,60012,0,2,1,0,0,9,0,0,1
47847,55717,0,0,3,0,0,23,0,4,53473,67147,0,2,3,0,1,38,1,2,0
61666,77717,0,4,11,2,1,47,1,3,48630,57861,0,0,1,0,0,23,0,3,1
55856,63224,0,0,6,0,1,19,1,6,61726,78859,1,4,8,1,0,32,0,0,0
57924,74623,1,2,9,1,1,28,1,1,47328,58606,0,1,1,0,0,17,0,5,1
56245,72732,0,0,0,0,0,49,0,0,61277,80616,0,0,4,1,0,61,0,0,0
69053,98535,0,0,4,2,0,62,0,0,62766,90532,0,0,0,0,0,44,0,0,1
63638,86553,0,0,4,2,0,58,0,0,60119,83328,0,0,1,0,0,49,0,0,1
52555,68646,0,2,1,0,0,20,0,0,66233,83358,1,2,11,3,1,42,1,6,0
64722,76118,0,2,7,1,1,35,0,0,70378,82635,1,3,8,2,0,39,1,6,0
60275,69150,0,3,10,1,1,41,1,6,47887,57458,0,1,1,0,0,23,0,0,1
54007,72706,0,2,3,0,0,22,0,1,58361,75970,1,2,8,1,1,28,1,5,0
42500,56631,0,0,1,0,0,10,0,3,56371,69589,0,3,11,3,1,31,1,3,0
70899,90049,1,4,9,3,1,50,1,6,58089,71007,0,0,3,0,0,17,0,0,1
50746,60733,0,2,4,1,1,22,0,3,60277,78495,1,2,11,4,0,29,1,3,0
44117,47140,0,2,9,1,1,26,0,0,29164,34029,0,0,0,0,0,8,0,6,1
77543,98964,1,4,10,2,0,57,1,3,68845,85556,0,1,5,0,0,42,0,3,1
65910,80510,1,2,10,2,0,37,0,6,54880,70851,0,2,3,0,1,24,1,0,1
50181,58727,0,0,2,0,0,20,0,5,60141,76666,1,3,7,1,1,40,1,1,0
51488,59252,0,0,1,0,0,35,0,3,57362,72790,0,3,10,2,1,37,1,3,0
43475,49156,0,2,8,2,1,19,0,6,33747,40572,0,1,2,0,0,9,0,0,1
61052,80160,0,1,2,0,0,30,0,3,77124,97041,1,4,11,2,1,49,1,3,0
54859,68156,0,1,5,0,1,23,1,6,64453,78308,1,3,9,1,0,35,0,0,0
52745,64140,0,0,3,0,0,25,0,0,62236,75697,1,3,10,2,1,39,1,6,0
26034,30006,0,0,0,0,0,11,0,1,30599,35021,0,1,0,0,0,15,0,5,0
57622,69361,0,3,3,0,1,34,0,3,64921,82797,1,2,9,1,0,32,1,3,0
46161,53390,0,1,1,0,0,18,0,0,55485,60360,0,2,10,2,1,30,0,6,0
41764,53931,0,1,2,0,0,14,1,4,50271,59077,0,2,8,1,1,30,0,2,0
54495,65958,0,1,4,0,1,34,0,6,60186,79237,0,2,4,0,0,39,1,0,0
82122,103558,2,2,10,2,0,52,0,5,72274,87834,0,3,7,1,1,37,1,1,1
50391,60623,0,0,2,0,0,20,0,3,62142,76705,1,4,11,2,1,46,1,3,0
47780,57082,0,0,4,0,0,13,0,5,53819,69038,1,4,9,1,1,25,1,1,0
73311,95272,0,3,5,1,1,51,1,6,74214,88301,1,2,10,2,0,35,0,0,0
89255,115770,2,3,11,3,0,53,0,3,82248,111186,1,3,5,0,1,58,1,3,1
34846,37259,0,2,3,0,0,28,0,4,27020,29408,0,0,0,0,0,13,0,2,1
55884,72067,0,4,7,1,0,38,1,0,49013,58037,0,0,3,0,1,20,0,3,1
75826,92910,1,1,9,1,0,35,0,0,76389,99815,1,4,8,1,1,48,1,6,0
53046,63957,0,1,9,1,0,27,1,6,43382,53380,0,2,1,0,1,15,0,0,1
38773,49736,0,1,1,0,0,14,0,4,48320,55037,0,1,5,0,1,24,0,2,0
50799,60003,0,1,6,0,1,20,0,4,58880,76018,1,3,10,2,0,27,1,2,0
81257,105642,1,3,7,1,0,43,0,1,79128,102778,1,3,7,1,1,39,1,4,1
52140,61699,0,1,9,1,0,30,1,6,43109,50717,0,1,3,0,1,22,0,0,1
35304,41695,0,2,2,0,1,21,0,1,29495,35868,0,0,0,0,0,5,0,2,1
55894,64845,0,1,4,0,1,27,1,6,62480,76004,1,3,11,2,0,31,0,0,0
47977,54153,0,2,6,0,1,27,0,6,39825,47023,0,1,1,0,0,17,0,0,1
55905,72575,0,1,1,0,0,27,0,2,64974,82393,0,0,10,3,1,44,1,4,0
74042,92565,2,4,9,1,0,39,0,2,68399,78875,0,1,9,2,1,40,1,4,1
72105,91247,2,2,6,1,0,31,0,4,67167,84132,0,3,6,0,1,25,1,2,1
32990,32319,0,0,4,1,0,21,0,6,22854,26541,0,1,0,0,0,3,0,0,1
48564,54076,0,2,9,1,1,31,0,6,40626,46315,0,1,0,0,0,26,0,0,1
78802,101288,1,2,8,2,0,28,1,5,88689,115286,2,4,11,1,1,28,0,1,0
42329,54081,0,0,2,0,0,23,0,0,48951,64057,0,2,4,0,1,26,1,6,0
42475,45212,0,2,6,0,0,25,0,6,32028,38246,0,0,1,0,0,10,0,0,1
73515,93287,1,2,11,3,1,37,1,1,70162,90448,1,3,3,0,0,41,0,5,1
23119,25128,0,0,0,0,0,10,0,3,31553,34076,0,2,1,0,0,23,0,3,0
43879,53800,0,2,2,0,0,18,0,1,52801,61011,0,0,11,3,1,21,1,5,0
31103,35692,0,1,1,0,0,18,0,3,27161,30605,0,0,1,0,0,10,0,3,1
33398,36188,0,1,2,0,0,19,0,6,26267,29344,0,1,0,0,0,9,0,0,1
32392,39711,0,0,0,0,0,11,0,2,40366,46467,0,2,5,0,1,25,0,4,0
52651,64192,0,1,8,1,1,23,1,6,48807,62367,0,3,4,0,0,23,0,0,1
53336,61466,0,0,10,2,1,30,0,6,46895,56103,0,2,2,0,0,20,1,0,1
49095,54666,0,1,9,1,1,35,0,6,35178,42352,0,0,0,0,0,11,0,0,1
35696,35046,0,1,5,1,0,30,0,5,21724,24726,0,0,0,0,0,7,0,1,1
44834,49785,0,1,3,0,0,18,0,6,50035,61622,0,3,8,1,1,26,1,0,0
56858,69477,0,2,3,0,0,22,0,0,66972,82246,1,2,11,3,1,37,1,6,0
32276,40951,0,1,2,0,0,6,0,4,38774,45682,0,2,4,0,0,14,0,2,0
52624,64660,1,1,1,0,0,27,0,1,60111,72449,0,2,9,1,1,40,1,5,0
54788,68973,0,1,3,0,0,26,1,4,68216,81457,1,3,10,2,1,38,0,2,0
80602,104548,2,1,6,0,0,27,0,6,86380,114401,1,5,9,1,1,27,1,0,0
42360,49829,0,0,3,0,0,15,0,3,55221,67117,0,2,10,1,1,31,1,1,0
45080,48919,0,1,9,2,1,26,0,3,35425,42332,0,1,0,0,0,9,0,3,1
72919,92413,2,3,7,2,1,38,1,6,74509,90699,0,2,8,1,0,32,0,0,0
75323,93483,1,3,11,2,1,51,0,0,59742,78656,0,1,5,0,0,25,1,3,1
25515,28312,0,0,0,0,0,8,0,4,30237,33576,0,2,1,0,0,13,0,2,0
34621,43929,0,0,0,0,0,13,0,1,52153,63033,0,3,9,1,1,33,1,5,0
58175,76802,0,0,1,0,0,37,0,0,63024,82777,0,0,4,2,0,51,0,0,0
56917,75389,0,0,1,0,0,53,0,0,59643,83473,0,0,4,1,0,56,0,0,0
69520,102347,0,0,1,0,0,64,0,0,70370,109354,0,0,4,2,0,87,0,0,0
83446,138371,0,0,4,2,0,86,0,0,79765,124627,0,0,1,0,0,78,0,0,1
55451,74956,0,0,2,1,0,47,0,0,54021,69701,0,0,1,0,0,46,0,0,1
65525,92372,0,0,2,0,0,53,0,0,69986,99105,0,0,4,2,0,74,0,0,0
71112,105117,0,0,4,1,0,60,0,0,66560,97339,0,0,0,0,0,54,0,0,1
66716,93718,0,0,4,1,0,61,0,0,61741,81526,0,0,1,0,0,49,0,0,1
77736,119329,0,0,2,1,0,57,0,0,78856,117441,0,0,2,2,0,64,0,0,1
76332,114018,0,0,2,2,0,71,0,0,75973,113593,0,0,4,2,0,52,0,0,0
81746,129118,0,0,4,2,0,60,0,0,82614,131246,0,0,3,1,0,76,0,0,1
55594,71648,0,0,4,1,0,45,0,0,50000,64058,0,0,0,0,0,35,0,0,1
81415,120979,0,0,4,2,0,81,0,0,72376,110138,0,0,1,0,0,64,0,0,1
83515,129356,0,0,2,1,0,76,0,0,85745,138509,0,0,4,2,0,87,0,0,0
87746,140535,0,0,4,2,0,64,0,0,82768,130047,0,0,1,0,0,60,0,0,1
73529,108973,0,0,2,1,0,56,0,0,76223,112313,0,0,4,2,0,63,0,0,0
57514,76406,0,0,1,0,0,40,0,0,63359,86741,0,0,4,2,0,67,0,0,0
35154,34777,0,1,4,0,0,23,0,6,24204,26296,0,0,0,0,0,10,0,0,1
39404,53895,0,1,2,0,0,14,0,3,52328,59753,0,3,9,1,1,30,0,3,0
35638,44184,0,0,0,0,0,5,0,1,50550,63124,0,2,10,2,1,25,1,5,0
54850,65579,1,0,3,0,0,32,1,1,58220,63115,0,3,10,2,1,38,0,5,0
65935,76973,0,3,8,3,1,34,0,6,72345,92204,1,1,9,1,0,35,1,0,0
25363,29158,0,0,0,0,0,7,0,1,31743,34954,0,1,2,0,0,21,0,5,0
53391,68513,0,2,5,0,1,30,1,1,46504,53337,0,1,3,0,0,19,0,5,1
46805,56648,0,2,3,0,0,19,0,4,55296,74900,1,2,7,1,1,29,1,2,0
57610,70948,0,0,1,0,0,31,0,0,66893,82604,1,4,10,2,1,43,1,6,0
50868,54096,0,1,6,0,0,24,0,3,54321,65279,0,3,10,2,1,27,1,3,0
33071,42070,0,2,1,0,0,15,0,3,29722,35213,0,0,1,0,0,7,0,3,1
48609,57273,0,0,6,0,1,29,0,6,40629,48825,0,1,2,0,0,17,0,0,1
64928,82662,0,1,5,1,0,28,0,6,76303,93855,1,3,12,3,1,41,1,0,0
64793,80634,1,4,11,3,1,47,1,6,57071,69874,0,0,1,0,0,34,0,0,1
63893,81153,1,3,7,1,1,35,1,6,58511,66859,0,1,5,0,0,28,0,0,1
62069,76039,1,2,11,1,1,30,1,6,51434,66130,0,3,3,0,0,21,0,0,1
55927,66652,0,1,5,0,1,23,1,6,62001,73540,1,3,8,1,0,28,0,0,0
60911,75574,0,3,9,1,1,43,1,6,50778,61233,0,1,2,0,0,25,0,0,1
24214,28884,0,0,0,0,0,4,0,1,29429,32317,0,1,1,0,0,17,0,5,0
60664,71683,0,3,5,0,1,31,0,1,72216,86340,1,1,11,2,0,43,1,5,0
41565,50250,0,0,2,0,0,15,0,1,54452,59183,0,3,8,2,1,36,0,5,0
27400,30819,0,0,1,0,0,14,0,1,34823,35112,0,2,1,0,0,18,0,5,0
70044,83850,0,4,10,2,1,45,0,3,53400,70943,0,0,3,0,0,32,1,3,1
38938,48408,0,2,1,0,0,14,0,3,53286,69091,0,0,11,3,1,36,1,3,0
26996,30799,0,0,0,0,0,10,0,0,39470,38497,0,2,4,0,0,33,0,6,0
73543,108760,0,0,2,0,0,64,0,0,76520,118714,0,0,4,1,0,69,0,0,0
50043,64261,0,1,8,1,1,19,1,3,44633,57529,0,3,3,0,0,11,0,3,1
27495,30883,0,0,1,0,0,9,0,1,34298,34340,0,1,2,0,0,24,0,5,0
78483,102015,2,3,5,1,1,42,1,0,82759,95111,0,3,9,2,0,39,0,6,0
60157,76987,0,0,1,0,0,36,0,0,63516,86199,0,0,2,1,0,47,0,0,0
26829,29330,0,0,0,0,0,12,0,1,34660,33903,0,2,3,0,0,25,0,3,0
35671,36323,0,1,3,0,0,35,0,1,26995,27279,0,0,0,0,0,9,0,5,1
76401,107995,0,0,2,2,0,47,0,0,81003,119762,0,0,4,2,0,65,0,0,0
56676,68914,0,0,4,0,1,27,1,3,67579,82722,1,3,9,1,0,37,0,3,0
55973,68665,0,2,9,2,1,33,1,6,48344,60579,0,1,1,0,0,24,0,0,1
38971,49112,0,1,1,0,0,12,0,0,49049,54484,0,2,10,2,1,26,0,6,0
58850,74530,0,1,3,0,0,30,0,1,66925,84687,1,3,7,0,1,35,1,5,0
62617,78606,0,1,5,1,0,34,1,4,60709,69934,1,3,7,1,1,29,0,2,1
69891,82864,1,2,4,0,0,62,0,1,70546,83127,0,2,8,1,1,45,1,5,0
58473,71891,1,2,11,3,1,27,1,6,46107,55978,0,1,2,0,0,16,0,0,1
58907,68243,0,2,11,3,1,25,0,6,52246,68399,1,1,3,0,0,20,1,0,1
58258,74136,0,3,10,2,0,46,1,6,41608,52564,0,1,1,0,1,11,0,0,1
61537,78427,1,3,11,2,1,34,1,5,52376,61616,0,0,5,1,0,25,0,1,1
51243,53385,0,3,8,1,1,37,0,4,38976,44215,0,0,1,0,0,18,0,2,1
76861,98181,0,3,11,5,1,46,1,6,69908,89478,1,3,6,0,0,39,0,0,1
54096,68224,0,2,9,2,1,30,1,2,42885,55489,0,1,0,0,0,18,0,4,1
107114,146777,3,4,12,2,1,49,1,4,103771,137324,1,3,10,5,0,50,0,2,1
65908,78896,0,3,9,1,1,35,0,6,59812,74168,1,1,7,1,0,26,1,0,1
50801,58559,0,1,4,0,0,13,0,0,60332,76238,1,2,9,1,1,34,1,6,0
46132,60479,0,1,5,0,1,23,1,1,39602,49453,0,2,2,0,0,14,0,5,1
55551,73121,0,2,7,1,0,30,1,6,45214,58441,0,2,3,0,1,12,0,0,1
56628,77563,0,3,5,1,1,35,1,3,51854,64552,0,1,4,0,0,18,0,3,1
45327,51442,0,3,6,0,0,32,0,6,33907,40475,0,0,0,0,0,13,0,0,1
44884,53376,0,2,2,0,0,14,0,4,53473,66372,0,1,10,1,1,30,1,2,0
42750,47336,0,3,4,0,1,28,0,5,35066,41333,0,0,2,0,0,10,0,1,1
59832,75999,1,3,10,2,1,36,1,4,48645,58778,0,1,3,0,0,17,0,2,1
49414,55953,0,1,9,1,1,29,0,6,32264,43156,0,0,0,0,0,7,0,0,1
56474,67180,0,1,1,0,0,27,0,5,62344,79321,1,4,10,2,1,29,1,1,0
39848,50955,0,0,0,0,0,12,0,0,54225,66979,0,3,11,3,1,30,1,6,0
59232,76550,0,1,3,0,0,31,1,6,71963,92242,1,3,9,2,1,45,0,0,0
51439,66388,0,0,0,0,0,33,0,0,61758,82350,0,0,4,2,0,69,0,0,0
46492,51755,0,1,9,1,1,19,0,3,38017,47475,0,1,0,0,0,14,0,3,1
70240,83386,1,0,10,2,0,57,1,3,55845,66832,0,1,2,0,0,32,0,3,1
27236,30395,0,0,0,0,0,9,0,4,34790,37433,0,0,3,0,0,21,0,2,0
59149,77420,0,2,1,0,0,20,0,0,72478,92444,1,2,11,2,1,42,1,6,0
46265,56952,0,1,1,0,0,18,0,0,58217,74799,1,3,11,3,1,30,1,6,0
29437,36604,0,1,0,0,0,9,0,0,39717,45672,0,1,6,1,1,22,0,6,0
52675,65021,0,1,4,0,0,20,0,2,65169,85107,1,3,9,2,1,36,1,4,0
59527,67731,0,3,9,1,1,35,0,4,49257,61907,0,1,2,0,0,24,1,2,1
40899,46213,0,0,4,0,0,12,0,6,51134,63661,0,3,10,1,1,30,1,0,0
61434,79270,0,4,11,3,1,30,1,2,55352,69717,1,0,3,0,0,27,0,4,1
75665,90942,1,2,7,1,1,37,0,6,75753,101544,1,3,6,2,0,51,1,0,0
54677,65425,0,2,5,1,1,22,0,6,61361,82018,1,2,8,1,0,31,1,0,0
46855,53560,0,0,2,0,0,26,0,1,54180,62055,0,3,7,1,1,37,1,5,0
62845,78534,0,3,6,0,1,38,1,4,66114,76748,1,1,8,1,0,30,0,2,0
63240,77401,0,3,6,0,0,37,0,3,71044,87332,1,2,10,2,1,36,1,3,0
62166,75137,0,2,7,0,1,27,0,6,67241,83534,1,2,10,2,0,38,1,0,0
47201,59050,0,0,3,0,0,16,0,1,54523,70007,1,3,6,1,1,25,1,3,0
61897,75798,1,3,10,1,1,25,1,5,52917,65443,0,0,3,0,0,23,0,1,1
47962,57001,0,0,0,0,0,21,0,0,57917,66305,0,3,10,1,1,42,1,6,0
54028,64599,0,0,2,0,1,24,0,5,65565,80455,1,3,11,2,0,37,1,1,0
66547,86140,0,0,5,1,1,33,1,5,75630,99690,1,5,10,2,0,39,0,1,0
35501,38060,0,0,2,0,0,27,0,6,27373,28233,0,0,0,0,0,10,0,0,1
78202,101234,2,3,11,4,1,35,1,0,71033,87911,0,2,4,0,0,37,0,6,1
32593,37984,0,1,1,0,0,20,0,3,28585,32883,0,0,1,0,0,9,0,3,1
56596,72125,0,1,9,1,1,30,1,3,45493,56843,0,2,1,0,0,21,0,3,1
68969,87772,1,2,8,1,0,40,0,6,65236,78254,0,3,5,0,1,36,1,0,1
61412,80714,0,2,1,0,1,27,1,1,72787,89722,1,3,12,2,0,42,0,5,0
55212,70855,0,0,1,0,0,29,0,3,65791,82641,1,4,10,2,1,51,1,3,0
31783,37446,0,1,0,0,0,11,0,6,40878,47864,0,0,4,0,0,31,0,0,0
49428,65354,0,0,2,0,0,18,1,6,56546,73114,1,4,7,1,1,29,0,0,0
65301,79323,0,1,5,0,1,30,0,2,72434,91466,2,4,8,1,0,37,1,4,0
65542,86355,0,1,4,0,1,33,1,3,66170,84681,1,3,5,0,0,25,0,3,1
56405,67110,0,1,6,0,1,20,0,1,64098,82919,1,1,8,1,0,40,0,5,0
36095,42452,0,1,1,0,0,15,0,1,45326,55779,0,2,5,0,0,30,0,5,0
42531,49974,0,1,4,0,1,23,0,3,38467,44994,0,1,4,0,0,13,0,3,1
49885,61082,0,1,3,0,0,28,0,4,56128,66408,0,2,8,1,1,30,1,2,0
57561,70794,1,1,8,1,0,34,1,3,50624,59507,0,3,2,0,1,28,0,3,1
62323,80220,1,4,9,1,1,30,1,5,53832,63675,0,0,3,0,0,22,0,1,1
42144,49932,0,1,4,0,1,13,0,6,46537,61948,0,1,2,0,0,21,1,0,0
48715,57888,0,0,2,0,0,18,0,3,57724,75370,1,3,6,0,1,40,1,3,0
72389,92488,2,3,10,3,1,40,0,6,61601,83419,0,2,1,0,0,28,1,0,1
62410,78412,1,2,9,1,1,35,0,4,52263,61521,0,2,4,0,0,22,1,2,1
49676,57625,0,2,7,0,1,30,0,4,37657,45676,0,0,1,0,0,16,0,2,1
53985,65105,0,1,6,0,1,20,0,5,57622,78390,1,2,7,1,0,26,1,1,0
35543,37567,0,0,1,0,0,12,0,0,40134,48739,0,3,5,0,1,10,1,6,0
2541,0,0,0,0,0,0,0,0,0,2566,185,0,0,0,0,0,0,0,0,1
59097,69852,0,0,9,2,1,35,1,6,48316,57962,0,4,1,0,0,22,0,0,1
61959,77577,1,3,9,1,1,36,1,3,52185,63171,0,1,4,0,0,23,0,3,1
64505,79087,1,1,10,3,1,26,1,6,53585,68418,0,4,2,0,0,18,0,0,1
43521,49318,0,1,5,0,0,32,0,3,32053,37611,0,1,0,0,0,14,0,3,1
85476,109704,1,3,8,1,1,62,0,4,81676,100056,1,2,9,2,0,39,1,2,1
41676,47710,0,0,1,0,0,21,0,3,49148,60134,0,3,4,0,1,38,1,3,0
58632,68421,0,3,11,2,1,33,1,6,45480,58776,0,1,0,0,0,17,0,0,1
60355,69622,1,0,8,1,1,41,0,0,51292,63319,0,3,1,0,0,30,0,6,1
25249,30042,0,0,0,0,0,5,0,3,32757,38338,0,2,2,0,0,19,0,3,0
89204,116245,1,1,6,1,1,47,1,5,96057,126018,2,6,7,3,0,53,0,1,0
85360,106650,1,4,9,1,0,55,0,2,83098,98767,1,2,6,0,0,41,1,4,1
3353,1575,0,0,0,0,0,0,0,0,3112,1082,0,0,0,0,0,0,0,0,1
70013,83474,1,3,11,2,1,43,1,5,59088,72555,0,1,2,0,0,35,0,1,1
61364,80026,0,3,1,0,1,37,0,0,70336,92581,1,1,8,3,0,40,1,6,0
66769,89798,1,3,10,1,1,32,1,6,60335,74818,0,2,2,0,0,30,0,0,1
68278,82649,1,2,10,1,0,35,0,6,57538,75744,0,2,3,0,1,30,1,0,1
62518,81653,0,4,10,1,1,32,1,6,55595,74803,1,1,3,0,0,21,0,0,1
68941,85548,1,2,10,2,1,30,0,6,57333,71074,0,3,3,0,0,22,0,0,1
68302,84832,0,1,5,0,1,24,0,3,77743,102150,1,4,10,2,0,41,1,3,0
32531,41062,0,0,1,0,0,7,0,3,43005,50437,0,2,6,0,1,23,0,3,0
33267,39222,0,0,0,0,0,12,0,1,45997,49146,0,2,9,1,1,26,0,5,0
59706,74854,1,1,9,1,0,32,1,0,54704,61227,0,2,6,0,1,24,0,6,1
49737,61606,0,2,5,0,1,14,0,6,54169,70090,0,2,8,1,0,27,1,0,0
57413,66115,0,2,8,1,0,26,1,5,63515,74808,1,3,10,2,1,34,0,1,0
70046,101089,0,0,4,2,0,64,0,0,65567,93220,0,0,0,0,0,62,0,0,1
57326,76506,0,0,4,1,0,47,0,0,52384,65025,0,0,1,0,0,34,0,0,1
49485,63923,0,0,3,1,0,57,0,0,44191,53560,0,0,0,0,0,33,0,0,1
40086,45778,0,0,2,0,0,39,0,0,36273,42146,0,0,0,0,0,34,0,0,1
10961,7724,0,0,0,0,0,6,0,0,9295,6613,0,0,0,0,0,2,0,0,1
71819,104490,0,0,1,0,0,62,0,0,74149,107499,0,0,4,2,0,62,0,0,0
78415,119648,0,0,2,0,0,66,0,0,81350,127645,0,0,4,1,0,63,0,0,0
62614,88843,0,0,1,0,0,48,0,0,65450,94720,0,0,4,1,0,62,0,0,0
70195,90729,1,3,10,2,0,29,1,5,62668,78542,0,2,5,0,1,21,0,1,1
37873,41193,0,0,1,0,0,15,0,3,48020,57032,0,3,8,1,1,28,1,3,0
46344,57376,0,0,2,0,0,11,0,3,58289,76634,1,4,9,1,1,29,1,3,0
34359,40794,0,1,1,0,0,14,0,3,45777,53689,0,1,6,1,1,32,0,3,0
59225,72125,0,1,4,0,0,33,0,3,70356,85016,1,4,10,2,1,35,1,3,0
52850,64768,0,1,9,1,1,31,1,5,44577,56523,0,2,2,0,0,23,0,1,1
61884,76569,0,3,9,1,1,43,1,3,55094,64167,0,1,4,0,0,27,0,3,1
61789,75695,0,1,4,0,1,29,0,4,72888,89912,1,4,10,2,0,49,1,2,0
52136,63783,0,2,2,0,0,21,0,2,62093,79923,1,2,11,2,1,24,1,4,0
35823,39587,0,1,0,0,0,18,0,0,44407,48680,0,1,7,0,0,25,0,6,0
61102,80134,1,2,10,2,1,25,1,0,53700,68750,0,2,3,0,0,19,0,6,1
70787,94877,2,3,10,2,0,28,1,1,68329,86474,0,2,6,1,1,35,0,5,1
56543,68103,0,1,5,0,0,32,1,5,59146,73336,0,3,8,1,1,35,0,1,0
52866,62403,0,3,8,1,1,31,1,3,42684,52124,0,0,2,0,0,18,0,3,1
59600,70815,0,2,9,3,1,30,0,6,53322,72149,1,2,1,0,0,22,1,0,1
83179,103150,1,4,7,1,0,37,0,0,79375,94894,1,2,9,1,1,43,1,6,1
33878,36150,0,0,3,0,0,22,0,4,26841,31124,0,2,1,0,0,9,0,2,1
61607,80768,1,2,8,1,1,27,1,3,54568,68237,0,2,4,0,0,23,0,3,1
33767,39801,0,0,0,0,0,11,0,3,42065,51256,0,2,4,0,1,24,0,0,0
39566,50212,0,0,0,0,0,16,0,6,45808,60661,0,3,5,0,1,19,1,0,0
58575,67758,1,2,11,3,1,32,0,6,49812,63255,0,1,1,0,0,23,1,0,1
52275,61879,0,0,3,0,1,19,0,1,56646,68846,0,3,11,3,0,32,1,5,0
51102,63358,0,0,3,0,0,16,0,6,65149,84631,1,4,10,1,1,41,1,0,0
75044,99379,1,4,8,1,0,48,0,0,66198,84541,0,0,5,0,1,29,1,6,1
27065,32445,0,0,0,0,0,10,0,0,35188,38292,0,2,4,0,0,15,0,6,0
66566,81616,1,3,10,3,1,36,1,3,57872,66985,0,0,3,0,0,32,0,3,1
34235,39699,0,2,3,0,0,23,0,3,27231,31586,0,0,1,0,0,7,0,3,1
52645,61644,0,1,4,0,1,15,0,4,61218,72087,1,3,9,2,0,34,1,2,0
60042,75049,0,1,2,0,0,30,0,2,69465,89856,1,4,10,2,1,46,1,4,0
51461,64259,0,0,5,0,0,19,1,0,56404,68835,1,3,7,1,1,25,0,6,0
34507,36330,0,1,3,0,0,24,0,4,27509,29878,0,1,0,0,0,14,0,2,1
63384,80345,0,2,4,0,1,17,1,0,71291,91408,2,3,9,1,0,23,0,6,0
50171,64763,0,0,7,1,0,25,1,0,45283,53651,0,3,4,0,1,19,0,6,1
62795,81930,1,2,7,0,1,44,1,6,51508,64134,0,2,2,0,0,21,0,0,1
51623,64576,0,1,2,0,0,21,0,6,61405,77930,1,3,10,1,1,42,1,0,0
21927,26024,0,0,0,0,0,4,0,0,32834,35740,0,1,2,0,0,21,0,6,0
70743,94276,1,3,9,2,1,52,1,3,59878,77345,0,1,2,0,0,29,0,3,1
41624,46918,0,0,2,0,0,18,0,6,50836,60363,0,3,10,2,1,28,1,0,0
41043,51710,0,0,2,0,0,14,0,6,51946,64087,0,2,9,1,1,28,1,0,0
48105,56071,0,2,3,0,1,13,0,6,60523,78690,1,2,8,2,0,30,1,0,0
77751,102152,0,3,11,3,1,46,1,6,70821,94567,1,2,6,1,0,24,0,0,1
31371,37431,0,0,1,0,0,12,0,0,40242,46534,0,1,3,0,0,26,0,6,0
46697,60131,0,3,3,0,1,32,1,1,37664,44807,0,0,3,0,0,9,0,5,1
37133,39097,0,0,3,0,0,29,0,3,26200,29193,0,0,0,0,0,11,0,3,1
44439,52929,0,2,1,0,0,25,0,3,55894,67205,0,1,10,1,1,34,1,3,0
64868,78089,1,3,11,2,1,36,0,4,53926,70398,0,1,4,0,0,22,1,2,1
66472,82102,1,2,10,2,1,38,1,3,53386,66199,0,2,3,0,0,23,0,3,1
63887,80288,1,0,11,3,1,33,1,3,52664,63825,0,2,4,0,0,28,0,3,1
60580,73762,0,1,10,1,0,34,1,6,51068,62926,0,2,3,0,1,21,0,0,1
58868,74042,0,1,4,0,1,37,1,0,62679,71695,1,3,8,1,0,31,0,6,0
46658,57112,0,0,3,0,0,18,0,0,56661,69358,0,3,10,2,1,29,1,6,0
43668,53059,0,1,1,0,0,22,0,6,53070,64031,0,1,11,3,1,24,0,0,0
48298,58233,0,0,2,0,0,20,0,0,58152,74620,1,3,8,1,1,38,1,6,0
56025,71641,0,0,4,0,0,21,0,5,69247,90715,1,4,11,3,0,39,1,1,0
43559,50228,0,1,5,0,1,35,0,3,29950,38182,0,0,0,0,0,8,0,3,1
87803,108265,1,4,9,2,1,50,0,6,78771,97818,1,2,8,3,0,33,1,0,1
56298,63683,0,1,1,0,1,34,0,0,63398,75790,0,3,7,1,0,52,1,6,0
54208,67187,0,1,9,1,1,37,1,5,45771,54854,0,2,2,0,0,26,0,1,1
59958,78388,1,3,5,0,1,35,1,6,53811,65772,0,0,3,0,0,28,0,0,1
90456,111531,0,1,10,1,1,64,0,5,83955,105396,2,5,9,2,0,35,1,1,1
30176,34283,0,1,3,0,0,11,0,6,25448,31360,0,1,0,0,0,7,0,0,1
68486,79557,0,1,8,1,1,36,1,3,75939,90642,1,4,9,1,0,40,0,3,0
61966,73168,0,0,4,0,0,30,0,3,77479,92138,1,4,12,2,1,54,1,3,0
67599,78178,0,3,10,2,1,30,0,5,65970,86491,1,2,5,1,0,34,1,1,1
33997,36692,0,0,1,0,0,34,0,0,29319,31070,0,0,0,0,0,18,0,0,1
54279,66356,0,0,4,2,0,47,0,0,47065,55337,0,0,0,0,0,29,0,0,1
41327,45862,0,2,2,0,0,25,0,0,52849,58954,0,1,10,1,1,38,1,6,0
32754,36468,0,1,1,0,0,14,0,3,38900,44701,0,1,4,0,0,25,0,3,0
48513,62355,0,0,2,1,0,41,0,0,44162,53106,0,0,0,0,0,27,0,0,1
78969,119324,0,0,4,3,0,74,0,0,73017,106741,0,0,2,0,0,53,0,0,1
58086,79398,0,0,0,0,0,44,0,0,66408,91843,0,0,4,1,0,67,0,0,0
54075,65471,0,3,8,1,1,38,1,3,42450,47997,0,0,1,0,0,24,0,3,1
48697,53748,0,0,4,0,0,21,0,3,57327,66816,0,3,9,1,1,44,1,3,0
41348,50577,0,0,3,0,0,13,0,0,50708,57004,0,3,9,1,1,33,0,6,0
65382,81680,1,3,9,1,1,42,1,3,49991,60421,0,1,3,0,0,13,0,3,1
44078,49805,0,2,8,1,1,26,0,5,35650,39508,0,1,2,0,0,14,0,1,1
76219,94737,1,2,6,0,0,41,1,3,81142,92914,0,4,10,2,0,51,0,0,0
49056,56822,0,0,8,0,1,36,0,6,38036,45242,0,2,0,0,0,18,0,0,1
43491,53738,0,1,2,0,0,15,0,3,51681,67264,0,2,5,0,1,28,1,3,0
64221,80798,1,3,9,1,1,44,1,6,49694,65879,0,1,1,0,0,14,0,0,1
52272,64465,0,2,9,1,0,27,1,6,44441,54157,0,2,4,0,1,13,0,0,1
51462,61071,0,0,4,0,0,24,0,4,58173,71651,1,4,10,2,1,28,1,2,0
35971,40729,0,1,3,0,1,21,0,6,28467,34551,0,1,0,0,0,9,0,0,1
33350,37353,0,1,3,0,0,21,0,6,26555,32663,0,1,0,0,0,8,0,0,1
53056,68292,0,0,1,0,0,55,0,0,51619,66678,0,0,0,0,0,41,0,0,0
85674,136010,0,0,4,3,0,65,0,0,88553,134706,0,0,2,0,0,74,0,0,1
75717,98924,1,2,11,2,1,32,0,3,73805,100079,1,3,6,1,0,29,1,3,1
2555,30,0,0,0,0,0,0,0,0,2541,30,0,0,0,0,0,0,0,0,0
45815,58245,0,1,5,0,0,22,1,6,37802,46666,0,2,1,0,1,13,0,0,1
62345,77431,0,2,6,0,1,23,1,3,72030,88951,2,3,9,1,0,37,0,3,0
59288,73808,0,1,2,0,0,26,0,0,66797,82557,1,2,11,4,1,44,1,6,0
50116,57222,0,2,10,2,1,32,1,6,34662,44273,0,1,0,0,0,9,0,0,1
42671,49663,0,1,4,0,0,24,0,6,33674,41076,0,1,0,0,0,12,0,0,1
51850,58422,0,1,6,0,0,19,0,2,62165,77324,1,3,10,2,1,35,1,4,0
66356,84505,1,5,7,1,0,33,0,0,60827,76125,0,0,6,0,1,39,1,6,1
59888,73852,0,1,3,0,0,33,0,2,68471,84743,1,3,10,3,1,45,1,4,0
60464,72673,1,3,10,2,0,32,0,3,52015,64901,0,1,4,0,1,20,1,3,1
67051,82628,1,2,3,0,1,27,0,5,71473,94180,0,4,6,0,0,39,1,1,0
54640,65667,0,2,4,0,1,21,1,5,60929,74687,1,2,8,1,0,36,0,1,0
61185,79550,1,1,10,2,1,31,0,3,49922,65928,0,3,2,0,0,19,1,3,1
34750,38198,0,1,3,0,0,18,0,6,27257,32985,0,1,0,0,0,8,0,0,1
49826,59016,0,0,5,0,0,24,0,5,53789,70010,0,3,8,1,1,33,1,1,0
61796,78666,1,3,10,2,1,29,1,1,52920,61278,0,0,3,0,0,24,0,5,1
60790,75282,0,1,8,1,1,35,1,0,51164,62069,0,3,2,0,0,20,0,6,1
67133,81136,1,3,9,1,1,41,0,3,59953,73774,0,1,5,0,0,26,1,3,1
21293,26882,0,1,0,0,0,1,0,4,28456,32238,0,1,1,0,0,14,0,2,0
64169,87386,1,1,10,1,1,31,1,1,59894,74833,0,3,3,0,0,27,0,5,1
36246,44671,0,1,1,0,0,14,0,0,47717,52682,0,2,8,2,1,32,0,6,0
51739,62575,0,0,4,0,1,23,0,6,60079,78403,1,3,8,1,0,34,1,0,0
82998,100526,1,2,9,5,1,33,1,6,87617,113615,2,4,7,2,0,42,0,0,0
30610,33507,0,1,2,0,0,12,0,6,23254,29043,0,0,0,0,0,5,0,0,1
65331,78028,0,4,9,2,1,38,0,6,59838,78110,1,0,6,0,0,24,1,0,1
62727,76822,0,1,5,0,1,36,0,0,75897,94507,1,4,11,3,0,52,1,6,0
75849,91692,0,2,6,0,1,52,1,6,81625,106132,2,4,9,2,0,50,0,0,0
56661,70589,0,1,3,0,0,27,0,1,67566,86745,1,3,10,1,1,39,1,2,0
31766,31167,0,1,2,0,0,21,0,4,26560,28429,0,1,0,0,0,13,0,2,1
51822,65438,0,2,6,0,0,29,1,4,45219,54299,0,1,3,0,1,18,0,2,1
65436,79690,0,3,2,0,0,34,0,0,72667,90821,1,2,11,4,1,34,1,6,0
50420,67088,0,4,7,0,1,18,1,1,43138,56389,0,0,2,0,0,13,0,5,1
47805,57490,0,1,2,0,1,21,0,3,61416,72975,1,3,10,2,0,28,1,3,0
68129,84155,1,2,10,2,0,36,1,2,58001,67508,0,1,3,0,1,29,0,4,1
62027,78931,1,1,4,0,1,28,0,6,66165,83314,0,4,10,2,0,34,1,0,0
49835,58016,0,2,3,0,0,27,0,0,55881,66141,0,1,6,0,1,31,1,6,0
47590,60675,0,2,4,0,1,28,1,4,40405,51757,0,1,2,0,0,17,0,2,1
65224,76214,0,3,12,4,1,53,1,3,55221,67693,0,1,1,0,0,29,0,3,1
70153,88477,1,3,11,3,0,43,1,0,65786,85338,1,3,4,0,1,20,0,6,1
49894,60598,0,0,6,0,0,18,0,3,56431,71237,0,4,8,1,1,30,1,3,0
63480,82679,1,2,8,2,0,36,1,6,54628,69472,0,3,2,0,1,23,0,0,1
64549,81743,1,3,10,2,1,42,1,3,53208,70885,0,1,1,0,0,24,0,3,1
32493,34350,0,1,3,0,0,24,0,3,25057,26960,0,0,0,0,0,9,0,3,1
56120,73972,1,2,8,1,1,21,1,3,50755,61838,0,2,3,0,0,22,0,3,1
36178,46564,0,0,1,0,1,9,0,5,46940,62326,0,3,9,1,0,26,1,1,0
61278,77051,1,2,9,1,1,35,1,3,52440,59352,0,2,3,0,0,21,0,3,1
65926,83426,1,3,7,1,1,32,0,6,60339,76889,0,1,4,0,0,25,1,0,1
52192,64748,0,2,7,2,1,23,0,4,41743,59417,0,1,0,0,0,8,1,2,1
48974,58268,0,2,6,1,1,33,1,3,40590,46884,0,1,3,0,0,17,0,3,1
56001,74165,1,2,7,1,1,27,1,6,48780,63517,0,2,2,0,0,17,0,0,1
86527,114180,2,3,9,2,1,57,1,5,81726,106756,0,2,8,1,0,40,0,1,1
58449,75269,1,1,9,2,1,29,1,6,49105,61577,0,3,2,0,0,21,0,0,1
61122,78891,1,3,11,3,1,30,1,6,49968,66122,0,1,1,0,0,13,0,0,1
55567,72823,1,1,7,1,1,19,0,2,53002,69382,0,2,5,0,0,18,1,4,1
65001,85490,1,3,8,1,0,31,1,1,52782,67567,0,1,3,0,1,17,0,5,1
65072,79191,0,0,5,0,1,25,0,5,77802,99410,1,5,10,2,0,37,1,1,0
57612,69844,1,4,9,1,1,30,1,6,47025,57911,0,0,2,0,0,16,0,0,1
51506,61804,0,3,11,3,1,16,1,6,45088,55751,0,1,1,0,0,15,0,0,1
62321,84346,1,2,9,1,1,22,1,4,53557,69595,0,3,3,0,0,11,0,2,1
56849,65071,0,2,7,1,0,33,1,2,56753,70111,1,2,8,1,1,30,0,4,0
59097,79149,1,2,9,1,1,28,1,5,49338,65832,0,2,1,0,0,21,0,1,1
83203,105643,1,0,7,1,1,38,1,3,85908,109352,1,6,9,3,0,49,0,3,0
61813,78737,0,1,3,0,1,27,0,3,68256,92762,1,4,9,1,0,35,1,3,0
60649,75812,0,1,9,2,1,42,1,6,54873,63593,0,1,4,0,0,23,0,0,1
32791,35469,0,1,2,0,0,19,0,4,27010,33430,0,0,0,0,0,9,0,2,1
37449,38877,0,0,6,0,0,14,0,6,27409,32019,0,2,0,0,0,14,0,0,1
41495,49077,0,1,5,1,1,26,0,4,35375,40981,0,1,3,0,0,10,0,2,1
49672,63971,0,0,3,0,0,12,0,3,62032,81540,1,3,9,2,1,41,1,3,0
47337,52643,0,0,5,0,1,24,0,1,54404,64091,0,3,8,1,0,32,1,5,0
42307,47957,0,1,4,0,1,29,0,1,33007,37009,0,0,0,0,0,12,0,5,1
54538,63894,0,2,5,0,1,50,1,3,40818,46032,0,0,3,0,0,25,0,3,1
62009,76893,1,2,9,1,1,42,0,3,53405,65804,0,2,3,0,0,32,1,3,1
56647,68872,0,0,5,0,0,22,0,0,66689,84532,1,3,11,2,1,52,1,4,0
65752,78109,1,0,7,1,1,34,0,6,67042,81600,0,4,9,2,0,48,1,0,0
38667,45568,0,1,3,0,0,24,0,3,31715,38316,0,1,1,0,0,8,0,3,1
43138,48770,0,1,2,0,0,22,0,0,55719,55827,0,1,10,2,1,45,0,6,0
53032,67535,0,0,2,0,0,29,0,5,66683,80572,1,4,11,3,1,47,1,1,0
96888,160092,0,0,2,1,0,89,0,0,95626,162287,0,0,4,2,0,70,0,0,0
64552,77494,1,2,8,1,1,27,0,5,59990,73504,0,3,2,0,0,33,1,1,1
53161,64640,0,0,3,0,1,22,0,6,64001,87702,1,4,11,2,0,36,1,0,0
74536,97802,1,3,10,2,0,40,1,3,64369,80326,0,2,5,0,1,29,0,3,1
62300,83223,0,2,4,0,0,35,1,3,66674,83671,1,2,8,1,1,36,0,3,0
34609,40875,0,1,0,0,0,10,0,3,47022,54544,0,2,5,0,1,31,0,3,0
60831,78563,1,1,11,3,1,32,1,6,52872,68553,0,2,3,0,0,22,0,0,1
60428,76170,0,2,4,0,0,23,0,3,67084,89854,1,2,11,3,1,30,1,3,0
62481,80877,1,2,8,1,0,30,0,0,55903,68510,0,2,5,0,1,23,1,6,1
48105,62516,0,1,2,0,0,11,0,2,62580,80488,1,3,10,2,1,33,1,4,0
65735,82499,1,3,9,1,1,39,1,3,52849,66594,0,1,2,0,0,23,0,3,1
52405,64711,0,2,10,2,1,26,1,6,48098,57606,0,2,4,0,0,19,0,0,1
61159,81958,1,3,9,2,1,34,1,5,56987,70061,0,1,4,0,0,20,0,0,1
68166,85193,1,2,8,1,0,38,0,3,63555,74064,0,2,8,1,1,29,1,3,1
71364,92271,1,2,11,3,1,39,1,6,63172,82402,0,2,3,0,0,28,0,0,1
64570,86911,1,4,8,1,1,40,1,6,52898,69008,0,0,4,0,0,17,0,0,1
23145,26635,0,0,0,0,0,7,0,0,36452,35533,0,1,4,0,0,32,0,6,0
63269,82231,1,3,7,1,1,32,1,3,60861,75808,0,1,9,1,0,19,0,3,0
30835,34137,0,1,1,0,0,18,0,4,23904,30948,0,1,0,0,0,5,0,2,1
46557,53336,0,2,6,0,1,22,0,6,40549,46148,0,1,3,0,0,18,0,0,1
36218,39790,0,0,2,0,0,29,0,3,28692,30691,0,1,0,0,0,13,0,1,1
60096,74749,1,4,7,1,1,35,0,0,57666,70529,0,0,7,0,0,29,1,6,1
49471,52406,0,3,11,2,1,35,0,5,35108,40350,0,0,0,0,0,13,0,1,1
25208,29354,0,1,0,0,0,8,0,4,30807,34699,0,1,2,0,0,16,0,2,0
32423,39151,0,1,1,0,1,6,0,0,43261,49359,0,1,6,0,0,21,0,6,0
57323,73279,0,1,1,0,0,16,1,3,71518,87605,1,4,10,2,1,34,0,3,0
56253,66268,0,3,3,0,1,42,0,0,67515,83061,1,1,9,1,0,56,1,5,0
61719,75619,1,2,10,1,1,32,1,3,50074,59382,0,1,4,0,0,19,0,3,1
32461,39204,0,0,2,0,0,6,0,3,36851,44598,0,0,3,0,1,19,0,3,0
57385,67500,0,2,4,0,0,36,0,1,66608,83678,1,2,11,3,1,42,1,1,0
63992,82195,0,3,1,0,0,28,0,6,74947,97223,2,3,11,3,0,42,1,0,0
40217,46783,0,2,5,0,1,23,0,2,31793,38833,0,1,0,0,0,8,0,4,1
97474,156538,0,0,4,3,0,73,0,0,93925,157940,0,0,3,2,0,76,0,0,1
66910,80591,0,2,7,2,0,36,0,6,68959,89726,2,3,8,2,1,37,1,0,0
24526,30201,0,1,0,0,0,6,0,0,32476,35701,0,1,3,0,0,18,0,6,0
58056,65260,0,3,11,2,1,39,0,3,48844,58341,0,1,2,0,0,23,1,3,1
47701,58769,0,1,2,0,0,22,0,3,55123,67528,0,2,11,2,1,30,1,3,0
64237,80512,1,3,11,2,1,42,0,4,51585,67640,0,0,2,0,0,23,1,2,1
88092,143374,0,0,4,2,0,74,0,0,82503,123542,0,0,2,1,0,56,0,0,1
43890,52554,0,0,1,0,0,38,0,0,42063,50829,0,0,0,0,0,34,0,0,1
59853,72665,0,1,7,0,1,24,0,5,65092,85587,1,3,9,1,0,35,1,0,0
25440,26384,0,0,0,0,0,10,0,0,35745,34010,0,2,6,0,0,19,0,6,0
31712,34800,0,0,3,0,0,14,0,6,25564,29357,0,2,0,0,0,8,0,0,1
32020,33884,0,2,2,0,0,19,0,3,35254,41256,0,1,2,0,0,14,0,3,0
67168,83980,1,2,7,1,1,38,1,5,69085,78161,0,3,10,2,0,31,0,1,0
78957,94600,0,3,6,0,1,46,0,3,87520,111288,1,3,11,3,0,52,1,3,0
60441,74173,1,2,6,0,0,34,0,3,52297,60230,0,2,4,0,1,25,0,3,1
76271,99373,0,2,3,0,0,35,0,0,86619,112609,2,4,11,4,1,49,1,6,0
60269,69332,0,2,6,0,1,30,0,3,70419,92401,1,2,11,3,0,46,1,3,0
60198,78363,0,2,8,2,1,29,1,6,54440,72502,0,3,2,0,0,18,0,0,1
53577,65348,0,4,9,1,1,30,1,3,45428,52433,0,0,4,0,0,19,0,3,1
62674,77210,0,4,10,2,1,29,0,6,54755,71371,1,1,3,0,0,12,1,0,1
57515,66785,0,2,6,0,1,26,0,2,62170,79260,0,2,8,1,0,31,1,1,0
34165,38520,0,0,0,0,0,13,0,3,42175,46158,0,2,5,0,0,33,0,3,0
31832,33193,0,1,3,0,0,15,0,3,23415,28961,0,0,0,0,0,4,0,3,1
64484,84687,1,2,11,3,0,35,1,3,56720,70740,0,2,2,0,0,28,0,3,1
63870,86914,1,1,7,0,1,27,1,0,58142,73682,0,2,5,0,0,22,0,6,1
61098,78480,1,1,10,2,1,23,1,0,52736,66993,0,3,3,0,0,21,0,6,1
25002,31885,0,0,0,0,0,5,0,0,31831,39773,0,1,2,0,0,17,0,6,0
48611,60319,0,0,4,0,0,8,0,1,58076,72644,1,4,9,3,1,31,1,5,0
52982,67606,0,4,5,1,1,30,1,6,45971,54774,0,0,2,0,0,16,0,0,1
68255,86655,1,2,7,0,1,30,1,3,67456,87432,1,3,4,1,0,31,0,3,0
51655,59067,0,1,6,0,1,37,0,3,43234,51888,0,1,3,0,0,17,0,3,1
75618,96451,1,3,8,2,1,55,0,2,67994,86393,0,1,4,0,0,45,1,4,1
63206,80730,1,3,10,2,1,33,1,1,54338,65125,0,2,5,0,0,19,0,5,1
49407,57151,0,1,3,0,0,23,0,6,57672,71293,1,2,8,1,1,24,1,0,0
32934,41264,0,1,0,0,0,13,0,5,39699,47249,0,1,4,0,1,21,0,1,0
56384,65654,0,2,5,0,0,33,0,3,51591,60220,0,2,4,0,1,26,0,3,1
54772,63554,0,0,5,0,0,25,0,2,60419,75362,1,3,9,1,1,50,1,4,0
32666,40654,0,0,0,0,0,12,0,3,38767,45810,0,2,4,0,1,17,0,3,0
68978,86438,1,2,7,1,0,41,0,5,61213,77282,0,3,3,0,1,28,1,1,1
72083,86525,1,3,11,1,1,42,1,6,58588,73027,0,1,4,0,0,28,0,0,1
78177,97657,0,3,7,1,0,46,1,3,92223,123064,3,3,8,2,1,59,0,3,0
49042,57585,0,2,4,0,0,20,0,2,57023,75094,1,2,7,1,1,37,1,4,0
48803,58483,0,0,3,0,0,21,0,6,54329,72261,1,4,5,0,1,28,1,0,0
52778,60526,0,2,9,2,1,38,0,6,38501,47736,0,1,0,0,0,12,0,0,1
52113,66098,0,2,2,0,1,16,0,6,65999,81749,1,2,8,1,0,33,1,0,0
64446,77556,1,2,9,1,1,34,0,4,55778,72045,0,1,5,0,0,23,1,2,1
58819,71959,1,1,8,1,1,30,0,5,50479,65591,0,3,5,0,0,16,1,1,1
46825,59378,0,0,1,0,0,21,0,2,63359,77057,1,4,9,1,1,36,1,4,0
62756,73532,0,0,6,0,1,24,0,4,69556,84577,1,3,8,0,0,43,1,2,0
55195,75184,0,2,4,0,0,17,1,5,65214,81562,1,3,11,3,1,25,0,1,0
54041,71784,0,0,2,0,0,16,0,4,66505,84944,1,4,12,3,1,22,1,2,0
53326,66728,0,1,3,0,0,19,1,1,59034,76405,0,3,7,1,1,26,0,5,0
60418,79482,1,2,9,2,1,34,1,6,50084,66069,0,2,2,0,0,18,0,0,1
54958,64343,0,0,4,0,1,28,0,3,61250,75506,0,4,8,1,0,39,1,3,0
49417,60820,0,0,1,0,0,16,0,3,62209,76855,1,4,11,2,1,38,1,3,0
60160,76988,1,4,10,2,1,27,1,1,49618,63054,0,0,1,0,0,19,0,5,1
65533,82702,1,4,6,0,1,38,0,2,54061,66244,0,0,1,0,0,23,0,4,1
49430,59398,0,2,5,0,1,26,1,3,43558,51970,0,1,1,0,0,16,0,3,1
60765,77933,0,1,4,0,1,31,1,6,70672,87501,1,3,9,1,0,43,0,0,0
61992,81231,0,0,5,1,0,26,1,6,70805,94782,2,5,9,1,1,27,0,0,0
50009,54701,0,1,8,1,0,37,1,3,39492,45013,0,1,1,0,1,16,0,3,1
54330,63306,0,1,3,0,0,28,0,6,63365,78641,1,2,9,2,1,38,1,0,0
48536,57147,0,0,4,0,1,16,0,3,58922,79508,1,3,7,1,0,32,1,3,0
33002,37794,0,2,2,0,0,20,0,6,25307,31625,0,0,0,0,0,7,0,0,1
52623,68963,0,3,5,0,1,29,1,3,45436,53090,0,0,2,0,0,17,0,3,1
36347,43912,0,0,1,0,0,11,0,1,47544,61355,0,3,8,1,1,27,1,5,0
55400,65789,0,3,10,2,0,39,1,4,44508,49391,0,0,3,0,1,23,0,2,1
71087,86522,1,3,11,4,1,39,0,5,59993,77656,0,2,2,0,0,32,1,1,1
62252,78402,0,2,6,0,0,30,0,1,73193,93457,1,3,10,2,1,38,1,5,0
52483,63561,0,1,3,0,0,21,0,0,65322,86941,1,3,9,3,1,40,1,6,0
56608,72846,1,4,7,0,0,31,1,3,45902,57413,0,0,2,0,1,16,0,3,1
35487,39189,0,0,2,0,0,17,0,6,29380,33302,0,2,0,0,1,11,0,0,1
49884,61157,0,1,3,0,0,20,0,4,62148,79454,1,3,11,3,1,39,1,2,0
51864,66725,0,3,5,0,1,26,1,2,48191,57088,0,0,2,0,0,20,0,4,1
60407,76200,1,3,11,3,1,33,1,6,55746,69724,0,0,5,0,0,20,0,0,1
53617,63597,0,3,8,1,1,27,1,2,46853,58817,0,0,1,0,0,18,0,4,1
32165,38183,0,0,2,0,0,7,0,0,43312,47088,0,2,7,1,0,32,0,6,0
60217,77601,1,2,11,2,1,33,0,3,50176,59936,0,2,2,0,0,25,1,3,1
69961,90390,1,2,9,1,1,30,1,1,56524,74033,0,3,2,0,0,22,0,2,1
53949,69156,0,0,6,0,0,21,1,4,60806,74906,1,3,9,2,0,33,0,2,0
40288,48066,0,0,3,0,0,11,0,0,53399,60213,0,3,10,1,1,29,1,6,0
44413,50132,0,3,7,1,1,23,0,1,34328,41305,0,0,2,0,0,14,0,5,1
68502,85293,0,2,5,1,1,39,1,6,74095,92054,1,3,7,4,0,43,0,0,0
40424,47775,0,3,4,0,1,26,0,4,35419,41339,0,0,1,0,0,16,0,2,1
51548,69254,0,3,10,2,0,21,1,6,38462,49931,0,0,0,0,1,6,0,0,1
66923,86079,0,1,4,0,0,44,0,0,70902,88456,1,3,8,2,1,48,1,6,1
68209,88586,2,2,4,0,0,24,1,6,74883,96311,0,3,10,2,1,41,0,0,0
55359,58336,0,1,6,0,0,34,0,4,59587,75367,1,3,7,1,0,42,1,2,0
57953,72495,0,2,10,2,0,43,1,4,45708,53828,0,1,1,0,1,22,0,2,1
58794,72889,1,3,7,1,1,27,0,3,51634,67518,0,1,3,0,0,20,1,0,1
25077,28088,0,0,0,0,0,8,0,3,31837,34703,0,2,2,0,0,20,0,3,0
30399,35334,0,0,2,0,0,5,0,3,33961,40306,0,2,3,0,1,11,0,3,0
70483,86175,2,1,9,1,1,38,0,6,61120,79178,0,3,3,0,0,27,1,0,1
71802,92911,1,3,9,1,1,38,1,6,63674,76886,0,2,3,0,0,26,0,0,1
70253,85565,0,2,9,2,1,31,1,3,75398,99184,2,4,9,3,0,39,0,3,0
57100,73034,1,2,4,0,0,26,0,6,62302,79206,0,2,7,1,0,25,1,0,0
31868,33111,0,1,2,0,0,20,0,6,25145,30483,0,0,0,0,0,10,0,0,1
30319,32629,0,1,1,0,0,18,0,3,24179,28793,0,1,1,0,0,6,0,3,1
60376,75644,1,3,9,1,0,29,1,3,55012,67376,0,1,3,0,1,21,0,3,1
47405,58266,0,0,3,0,0,19,0,1,57538,74548,0,4,10,2,1,38,1,5,0
50053,62798,0,1,4,0,0,22,1,5,53627,63104,0,2,7,1,1,32,0,1,0
29024,32895,0,1,0,0,0,10,0,1,34828,37009,0,1,5,0,0,17,0,5,0
51855,60681,0,0,3,0,0,19,0,6,59761,78163,1,4,10,2,1,38,1,0,0
24400,29417,0,1,0,0,0,4,0,3,36582,37680,0,1,6,0,0,19,0,3,0
51372,58951,0,3,8,1,1,29,0,2,33991,44273,0,0,0,0,0,12,0,4,1
27126,32911,0,0,1,0,0,5,0,5,33648,38346,0,2,2,0,0,22,0,1,0
59331,74145,0,0,5,0,0,18,0,4,63767,81517,1,3,10,2,1,21,1,2,0
31456,34173,0,1,1,0,0,20,0,5,26599,27525,0,0,0,0,0,10,0,0,1
69003,90175,1,0,8,2,0,38,1,6,58435,73614,0,4,2,0,0,19,0,0,1
48115,56811,0,1,3,0,1,19,0,3,62786,81440,1,3,9,2,0,35,1,3,0
68708,87326,0,3,4,0,1,42,1,3,76476,97026,1,2,10,2,0,37,0,0,0
59191,70626,0,3,10,2,1,54,1,5,44367,53175,0,0,1,0,0,20,0,1,1
62597,77935,0,3,4,0,0,37,0,3,70619,87625,1,2,11,3,1,41,1,3,0
53652,68891,0,2,2,0,1,22,0,0,68277,89271,1,2,11,1,0,37,1,3,0
54396,68416,0,3,9,1,1,30,1,6,43268,52972,0,1,1,0,0,18,0,0,1
66706,80402,0,0,5,0,1,33,0,3,67298,86289,1,4,8,1,0,43,1,3,0
47416,56527,0,0,1,0,0,39,0,0,49767,63016,0,0,1,0,0,46,0,0,0
51669,56151,0,2,10,1,1,35,0,6,37149,44809,0,0,0,0,0,17,0,0,1
23289,29771,0,0,0,0,0,3,0,0,31303,36266,0,2,3,0,0,14,0,6,0
36638,42555,0,0,0,0,0,16,0,6,51061,56440,0,3,10,2,1,36,0,0,0
49661,64936,0,1,0,0,0,28,0,3,59945,67664,0,2,13,5,1,47,0,3,0
147845,334526,0,0,2,4,0,123,0,0,148159,326612,0,0,4,4,0,100,0,0,0
69990,101004,0,0,4,2,0,55,0,0,69201,95558,0,0,4,1,0,47,0,0,1
68551,95056,0,0,4,1,0,43,0,0,68571,97396,0,0,2,0,0,53,0,0,1
54535,74545,0,0,0,0,0,47,0,0,61801,82739,0,0,4,2,0,63,0,0,0
60325,80830,0,0,4,2,0,59,0,0,53329,70268,0,0,0,0,0,35,0,0,1
76549,109172,0,0,4,1,0,58,0,0,76713,115503,0,0,4,1,0,64,0,0,0
62530,85773,0,0,4,1,0,52,0,0,57019,78643,0,0,0,0,0,40,0,0,1
52795,63765,0,2,4,0,1,23,0,6,62038,78366,1,2,8,1,0,33,1,0,0
75525,112383,0,0,2,1,0,57,0,0,77269,115433,0,0,4,3,0,66,0,0,0
68691,99758,0,0,2,1,0,45,0,0,74418,110737,0,0,4,2,0,74,0,0,0
64328,76886,1,0,6,0,1,23,0,3,72272,93519,1,5,9,1,0,41,1,3,0
62307,75550,1,3,11,3,1,41,1,2,49566,59129,0,1,3,0,0,21,0,4,1
50990,60590,0,0,1,0,0,26,0,0,57119,72921,0,0,4,1,0,42,0,0,0
58370,78838,0,0,4,1,0,54,0,0,51801,68447,0,0,0,0,0,40,0,0,1
60518,82072,0,0,4,2,0,51,0,0,56601,73590,0,0,0,0,0,40,0,0,1
52129,57980,0,0,2,0,1,25,0,5,63955,76296,1,4,11,3,0,45,1,1,0
37195,50084,0,0,0,0,0,12,0,3,51452,66315,0,3,10,2,1,23,1,3,0
61116,76400,1,3,8,1,1,38,1,5,52909,63178,0,1,3,0,0,25,0,1,1
71468,88817,1,5,11,2,0,52,0,3,62043,75173,0,0,3,0,1,36,1,3,1
56864,71858,1,2,7,1,0,25,0,3,48483,61122,0,1,3,0,1,16,1,3,1
59286,74399,1,4,8,1,1,29,1,0,51347,61605,0,0,4,0,0,22,0,6,1
58545,76064,0,4,10,1,1,21,1,3,51938,64298,0,0,3,0,0,17,0,3,1
56897,67961,0,2,2,0,1,27,0,6,63712,76728,0,2,8,1,0,43,1,0,0
54869,65846,0,1,2,0,0,23,0,1,69400,87968,1,3,9,1,0,47,1,5,0
57349,71348,0,3,10,1,1,33,1,3,45853,57136,0,1,1,0,0,26,0,3,1
52325,63258,0,2,4,0,1,24,0,6,55364,69569,0,2,7,1,0,32,1,0,0
61757,71592,1,1,12,3,1,37,1,3,50271,58836,0,3,2,0,0,30,0,3,1
67362,83468,1,3,10,1,0,35,1,3,64301,74341,0,1,7,1,1,34,0,3,1
39504,46664,0,0,1,0,0,22,0,6,47924,51635,0,2,8,1,1,34,0,0,0
43058,46819,0,1,6,0,1,30,0,6,29588,34942,0,1,0,0,0,8,0,0,1
26366,29188,0,1,0,0,0,12,0,0,33448,37278,0,1,1,0,0,29,0,6,0
40713,46931,0,1,2,0,0,19,0,3,50951,58432,0,2,7,1,1,38,0,3,0
69178,92090,1,3,10,2,0,37,1,6,59813,78109,0,2,2,0,1,24,0,0,1
55807,70686,0,2,10,2,1,45,1,0,40628,47476,0,1,1,0,0,16,0,6,1
47223,52889,0,2,7,2,1,29,0,5,38647,48354,0,1,1,0,0,16,0,1,1
68821,99749,0,0,1,0,0,52,0,0,76460,115048,0,0,4,1,0,71,0,0,0
70759,98476,0,0,3,2,0,54,0,0,72944,108680,0,0,4,1,0,64,0,0,0
69151,102881,0,0,1,0,0,59,0,0,73270,107958,0,0,4,1,0,59,0,0,0
60046,79823,0,0,0,0,0,27,0,0,67826,96827,0,0,4,1,0,59,0,0,0
62508,89539,0,0,4,1,0,48,0,0,60509,81969,0,0,1,0,0,47,0,0,1
63173,86099,0,0,1,0,0,60,0,0,63983,89536,0,0,3,1,0,52,0,0,0
53229,70133,0,0,3,1,0,55,0,0,47212,62084,0,0,0,0,0,41,0,0,1
76658,106473,0,0,2,1,0,55,0,0,77653,113856,0,0,4,2,0,57,0,0,0
72238,99759,0,0,3,1,0,53,0,0,71790,105794,0,0,4,2,0,51,0,0,0
54585,71127,0,0,1,0,0,40,0,0,59770,79114,0,0,4,1,0,48,0,0,0
70736,102402,0,0,2,3,0,69,0,0,74610,111281,0,0,4,1,0,68,0,0,0
70845,105039,0,0,4,2,0,57,0,0,66265,93601,0,0,0,0,0,44,0,0,1
97918,161774,0,0,4,2,0,57,0,0,93680,146772,0,0,2,2,0,48,0,0,1
76724,114791,0,0,4,1,0,59,0,0,72169,106447,0,0,2,0,0,54,0,0,1
73698,109699,0,0,4,1,0,65,0,0,69249,100873,0,0,1,0,0,58,0,0,1
48214,58545,0,0,1,0,0,33,0,0,51378,65941,0,0,2,1,0,46,0,0,0
61705,83827,0,0,1,0,0,51,0,0,66528,94968,0,0,4,2,0,62,0,0,0
69026,96037,0,0,2,1,0,60,0,0,72030,101571,0,0,4,2,0,62,0,0,0
65822,90412,0,0,1,0,0,54,0,0,68942,95941,0,0,4,1,0,55,0,0,0
45348,55654,0,0,0,0,0,29,0,0,49430,62906,0,0,2,0,0,47,0,0,0
60833,70324,0,1,9,1,1,22,0,6,68405,88607,1,4,10,2,0,37,1,0,0
48753,65645,0,1,4,0,0,12,0,3,58486,76951,1,3,9,2,1,33,1,3,0
74737,97250,2,3,10,2,1,33,1,6,68139,81745,0,2,8,2,0,27,0,0,1
75629,93432,2,2,5,0,1,47,1,6,73884,92521,0,3,8,1,0,58,0,0,0
50325,56851,0,3,11,2,1,29,0,5,38146,46835,0,0,1,0,0,9,0,1,1
43393,47159,0,0,2,0,0,21,0,1,55535,65710,0,3,10,2,1,43,1,5,0
96230,113231,0,2,9,3,1,45,1,5,102715,132550,2,4,9,1,0,58,0,1,1
34313,40424,0,0,0,0,0,13,0,0,44053,48982,0,2,5,0,1,30,0,6,0
52777,67678,0,2,9,1,0,33,1,4,41157,51687,0,1,1,0,1,14,0,2,1
59945,74834,1,2,10,1,1,37,0,3,50855,66490,0,2,1,0,0,20,1,3,1
43045,41763,0,0,11,3,0,31,0,6,25839,32247,0,0,0,0,0,9,0,0,1
58562,64444,0,2,10,2,1,45,1,3,43419,51226,0,1,1,0,0,27,0,3,1
79540,99662,2,2,11,4,0,53,0,2,71699,89656,0,3,6,0,1,45,1,4,1
32221,34549,0,2,2,0,0,19,0,6,25661,28952,0,0,0,0,0,8,0,0,1
44484,49315,0,1,4,0,1,33,0,6,37399,42580,0,1,0,0,0,20,0,0,1
69067,102363,0,0,4,2,0,75,0,0,62301,89597,0,0,0,0,0,57,0,0,1
36846,37828,0,2,2,0,0,30,0,6,29063,31724,0,0,0,0,0,15,0,0,1
64172,79924,0,3,9,2,1,44,1,6,58256,71393,0,1,2,0,0,31,0,0,1
79800,124810,0,0,1,0,0,74,0,0,81414,135122,0,0,4,2,0,82,0,0,0
74126,90135,1,4,10,2,0,47,1,3,68990,78000,0,1,4,0,1,43,0,3,1
61214,77118,1,2,7,1,1,38,1,6,57890,69419,0,2,5,0,0,32,0,0,1
34690,36104,0,0,0,0,0,20,0,3,45313,47132,0,2,7,1,0,31,0,3,0
63276,70441,0,3,9,2,0,44,0,1,54474,63077,0,1,4,0,1,25,1,5,1
57003,75101,1,3,7,1,0,32,1,2,51092,58849,0,1,5,0,1,19,0,4,1
53793,61280,0,2,5,0,1,32,0,6,59891,76641,1,1,7,1,0,45,1,0,0
45911,53486,0,0,0,0,0,29,0,2,57411,65593,0,3,10,2,1,54,1,2,0
28205,32438,0,1,0,0,0,11,0,3,34063,39385,0,1,1,0,0,25,0,3,0
37564,46151,0,1,3,0,1,17,0,4,33591,39600,0,2,1,0,0,13,0,2,1
46553,58357,0,0,2,0,0,20,0,2,57700,74603,1,2,8,1,1,39,1,4,0
67775,80282,1,3,9,0,1,41,0,2,58258,73381,0,1,3,0,0,27,1,4,1
91334,120858,1,2,7,1,0,56,1,3,94176,125005,2,5,12,5,1,46,0,3,0
45444,55450,0,1,3,0,0,14,0,3,57097,74424,1,3,11,3,1,35,1,3,0
59785,76500,1,3,11,3,1,39,1,5,45026,56612,0,0,2,0,0,19,0,1,1
46852,57230,0,2,4,0,1,26,1,3,39561,46721,0,1,2,0,0,14,0,3,1
40180,46041,0,1,7,1,0,16,0,6,32077,42322,0,1,1,0,0,8,0,0,1
52791,66570,0,2,1,0,0,27,0,3,65619,80726,0,1,11,3,1,50,1,3,0
42435,45656,0,0,3,0,0,19,0,3,52843,57709,0,3,6,1,1,40,0,3,0
62268,83632,1,2,8,0,1,25,1,3,55511,69796,0,2,5,0,0,21,0,3,1
45352,50542,0,0,2,0,0,22,0,3,49560,60412,0,4,4,0,1,31,1,3,0
31801,35674,0,0,1,0,0,21,0,2,24421,30154,0,1,0,0,0,6,0,4,1
59542,69419,1,0,6,0,1,16,0,1,65256,79043,0,4,10,2,0,34,1,5,0
27637,32008,0,0,1,0,0,7,0,5,29206,32805,0,2,1,0,0,15,0,1,0
36138,38124,0,1,3,0,0,19,0,3,30921,31931,0,0,1,0,0,14,0,3,1
72133,89693,1,2,8,1,1,46,0,1,68616,78194,0,2,4,0,0,34,1,2,1
60424,79698,1,2,9,2,1,32,1,2,50848,65136,0,2,2,0,0,19,0,4,1
51190,63506,0,1,2,0,0,21,1,0,57760,70718,1,3,8,1,1,27,0,6,0
38185,48258,0,1,1,0,1,11,0,3,48746,63977,0,1,6,0,0,30,1,3,0
50829,65727,0,3,6,1,1,34,1,5,41408,54181,0,0,1,0,0,12,0,1,1
39705,48461,0,1,5,0,1,20,0,6,31710,39035,0,0,1,0,0,7,0,0,1
46461,53371,0,2,9,2,1,24,0,2,36173,47473,0,1,2,0,0,3,0,4,1
54427,60427,0,1,10,2,0,38,0,6,43513,50129,0,2,3,0,1,20,0,0,1
63379,74568,1,1,10,2,0,39,1,3,54200,60121,0,2,2,0,1,39,0,3,1
43569,54325,0,1,2,0,0,10,0,6,49440,61707,0,3,7,1,1,21,1,0,0
45828,57132,0,1,2,0,0,6,0,3,57140,70293,0,3,8,1,1,17,1,3,0
63523,78926,1,4,9,2,1,32,0,3,58831,77478,0,1,3,0,0,18,1,3,1
62020,79449,1,3,9,1,0,31,1,6,51765,59592,0,1,3,0,1,13,0,0,1
67884,92202,1,4,10,2,1,20,1,3,59705,80055,0,1,2,0,0,11,0,3,1
32218,35138,0,1,3,0,0,16,0,6,21568,26949,0,1,0,0,0,2,0,0,1
54020,69257,0,3,11,2,1,29,1,4,40886,54065,0,0,1,0,0,12,0,2,1
35259,40292,0,0,1,0,0,13,0,0,48276,53614,0,3,9,2,1,33,0,6,0
74769,99915,2,4,10,2,1,30,1,1,70715,82275,0,1,10,2,0,24,0,5,1
88798,112917,2,4,8,2,1,53,0,4,83314,101522,0,1,9,2,0,54,1,2,1
72442,94501,0,5,11,2,0,44,1,2,65582,77885,1,0,8,1,1,26,0,4,1
54315,63345,0,0,5,0,1,20,0,5,63825,82044,1,4,9,1,0,42,1,1,0
71136,81388,0,1,4,0,0,30,1,3,77261,88973,1,2,8,1,1,40,0,0,0
55294,68866,1,2,10,2,1,25,1,6,46906,60856,0,2,0,0,0,25,0,0,1
35505,38040,0,1,4,0,0,17,0,6,24569,30652,0,1,0,0,0,7,0,0,1
48604,60452,1,2,3,0,0,20,0,2,54190,65817,0,1,8,2,1,33,1,3,0
46010,61750,0,0,3,0,0,13,1,3,51364,68314,0,4,9,1,1,21,0,3,0
43556,43435,0,2,7,0,0,32,0,3,29291,34261,0,0,0,0,0,13,0,3,1
50495,65633,0,1,3,0,1,19,1,4,60266,72037,0,3,9,2,0,32,0,2,0
33051,32877,0,0,2,0,0,23,0,6,24811,27619,0,0,0,0,0,6,0,0,1
64570,76084,1,3,10,1,1,40,1,5,51563,59315,0,1,3,0,0,20,0,1,1
81778,128696,0,0,2,0,0,71,0,0,86349,133773,0,0,4,3,0,66,0,0,0
56783,76341,0,0,1,0,0,42,0,0,60575,81026,0,0,4,2,0,44,0,0,0
61249,78228,0,0,4,1,0,34,0,0,55559,67468,0,0,1,0,0,21,0,0,1
78254,115336,0,0,4,2,0,69,0,0,70300,99257,0,0,1,0,0,47,0,0,1
73205,96063,1,2,3,0,1,38,1,0,78200,99155,1,4,7,0,0,42,0,6,0
71895,89448,0,3,5,0,1,28,0,3,78694,97232,1,3,9,1,0,40,1,3,0
46843,54751,0,1,4,0,1,14,0,0,58887,73039,1,3,10,1,0,33,1,6,0
63518,79477,1,2,8,1,1,40,1,4,54683,63726,0,0,5,0,0,31,0,2,1
48775,58141,0,0,4,0,0,17,0,3,62024,81084,1,3,10,2,1,41,1,3,0
24324,28407,0,0,0,0,0,5,0,3,39091,35736,0,1,7,1,0,18,0,3,0
55120,67780,0,1,10,2,1,31,1,4,43026,52387,0,1,0,0,0,16,0,2,1
62680,75148,1,3,11,3,0,33,0,1,53604,67083,0,1,3,0,1,25,1,5,1
55608,70952,0,2,6,0,0,19,0,3,59959,79519,1,2,7,1,1,32,1,3,0
59297,72647,0,0,4,0,0,20,0,4,67679,88641,1,4,8,1,1,35,1,2,0
60315,77470,1,4,11,3,1,29,1,3,49061,61915,0,0,3,0,0,8,0,3,1
65446,77748,1,2,4,0,1,36,0,6,70807,81631,0,2,8,1,0,49,1,0,0
32193,40076,0,0,0,0,0,12,0,0,46465,49436,0,1,7,1,0,29,0,6,0
65495,76373,0,3,6,0,1,31,0,2,73362,89651,1,2,10,1,0,41,1,4,0
48589,57274,0,1,3,0,1,19,0,1,58750,70807,0,2,11,1,0,39,1,5,0
48594,57008,0,2,7,0,1,32,1,6,36328,44766,0,0,0,0,0,14,0,0,1
43803,55944,0,0,2,0,0,10,0,3,55493,68950,0,4,10,2,1,24,1,3,0
64741,85837,1,2,9,1,0,29,1,0,65376,85109,1,3,6,0,1,31,0,6,1
40314,47451,0,1,5,0,0,17,0,6,30978,40016,0,2,0,0,0,7,0,0,1
66381,81191,1,1,9,1,1,23,0,5,60713,77770,0,3,5,0,0,30,1,1,1
59498,65175,0,3,11,3,1,39,0,3,46424,55990,0,0,3,0,0,22,1,3,1
71076,95448,1,3,7,1,0,36,1,0,70751,85354,1,3,8,2,1,27,0,6,1
58596,70167,0,0,7,0,0,20,0,4,65227,83725,1,4,9,2,1,37,1,1,0
54917,66301,1,2,5,0,0,24,0,6,54810,70152,0,2,8,1,1,21,1,0,0
51289,64514,0,3,10,2,1,26,1,3,41612,51493,0,0,1,0,0,13,0,3,1
50342,67448,0,2,4,0,1,20,1,3,53693,64731,0,1,7,1,0,25,0,3,0
56498,71924,1,2,9,2,1,27,1,6,51334,60784,0,2,3,0,0,27,0,0,1
39520,46216,0,2,3,0,1,21,0,3,33673,41075,0,1,1,0,0,10,0,3,1
60790,76148,1,2,10,3,1,30,0,5,52072,64035,0,1,2,0,0,25,0,1,1
43166,48871,0,0,4,1,0,51,0,0,34872,36995,0,0,0,0,0,24,0,0,1
63469,85640,0,0,4,1,0,48,0,0,58226,79560,0,0,0,0,0,47,0,0,1
52286,69958,0,0,1,0,0,45,0,0,50566,64838,0,0,0,0,0,36,0,0,1
66353,79143,1,3,5,1,1,51,1,0,64665,74587,0,1,5,0,0,46,0,6,1
37813,38896,0,0,3,0,0,24,0,6,29960,30798,0,1,0,0,0,18,0,0,1
65613,76504,0,1,7,0,1,46,0,6,70984,91311,1,3,8,1,0,44,1,0,0
56312,69496,0,1,2,0,0,25,0,1,69562,88969,1,3,11,2,1,58,1,5,0
34366,39179,0,0,1,0,0,24,0,6,30063,32616,0,1,0,0,0,14,0,0,1
48740,58360,0,1,5,0,1,24,0,4,42744,50200,0,2,1,0,0,10,0,2,1
57238,73451,0,4,6,0,1,29,1,6,49428,63393,0,0,1,0,0,24,0,0,1
77633,102045,1,2,9,1,0,44,0,4,76130,96707,0,3,5,0,1,47,1,2,1
68415,84821,0,3,5,0,1,20,0,6,75333,97497,2,3,11,3,0,27,1,0,0
51018,66046,0,1,3,0,1,5,0,3,59914,85679,1,4,9,1,0,24,1,3,0
66017,80657,1,2,9,2,1,34,0,3,61216,76032,0,2,8,1,0,28,1,3,1
41188,52772,0,1,0,0,0,9,0,5,52152,68490,0,2,8,1,0,30,1,1,0
72375,88477,1,1,10,1,1,35,0,0,64755,80799,0,3,4,0,0,32,1,6,1
56622,70805,0,3,10,2,1,33,1,6,48266,61022,0,0,3,0,0,23,0,0,1
50464,61573,0,0,3,0,0,18,0,4,57374,72131,1,4,9,1,1,27,1,2,0
70143,92594,1,2,10,2,1,40,1,2,58758,68387,0,2,7,1,0,27,0,1,1
57022,72593,1,3,8,1,1,30,1,3,51739,58526,0,1,3,0,0,24,0,3,1
48515,58466,0,2,2,0,0,15,0,2,58522,71385,1,1,9,2,1,40,0,4,0
64577,79502,1,0,10,2,0,36,1,6,49756,58287,0,3,1,0,0,25,0,0,1
87302,113385,2,2,12,4,1,39,1,1,82590,108473,1,3,4,0,0,32,0,5,1
82333,102594,1,2,7,1,0,44,0,1,79053,101819,1,3,7,0,0,37,1,5,1
31774,40216,0,1,0,0,0,8,0,3,41040,50147,0,1,7,1,1,17,0,3,0
70027,87951,2,2,11,4,1,36,1,3,62127,76253,0,3,3,0,0,23,0,3,1
61622,78537,1,3,10,2,1,31,1,6,48631,57995,0,0,4,0,0,13,0,0,1
62702,75192,0,0,3,0,1,29,1,1,70440,85581,1,4,11,3,0,38,0,5,0
37102,48739,0,0,2,0,0,5,0,0,48105,58620,0,3,10,2,1,19,1,6,0
25774,30075,0,0,0,0,0,7,0,4,31488,36001,0,2,2,0,0,22,0,2,0
65155,81891,1,3,9,2,0,28,1,6,57607,72525,0,1,4,0,1,22,0,0,1
51848,64207,0,0,4,0,0,19,0,0,59809,77649,0,4,9,1,1,30,1,6,0
40774,46157,0,3,5,0,0,27,0,1,31648,35881,0,0,1,0,0,11,0,5,1
59540,74620,0,2,4,0,1,30,1,6,63044,81934,1,3,8,1,0,30,0,0,0
41260,47036,0,1,6,1,1,19,0,6,35140,43627,0,2,2,0,0,10,0,0,1
49981,58641,0,3,10,2,1,38,0,2,38185,44403,0,0,0,0,0,18,0,4,1
70070,90774,1,2,6,1,0,23,0,6,73503,102534,1,4,8,1,1,35,1,0,0
70804,96249,2,2,8,1,0,29,1,0,63693,82617,0,3,5,0,1,26,0,6,1
67846,83529,1,3,8,1,1,37,0,4,63675,74597,0,2,6,0,0,34,1,2,1
66816,76566,0,3,8,2,0,35,0,0,64517,77320,1,2,6,0,1,34,1,6,1
29680,39490,0,2,1,0,1,9,0,0,27254,36122,0,0,0,0,0,3,0,6,1
52340,63782,0,0,4,0,0,25,0,2,65224,80084,1,4,11,2,1,46,1,4,0
51849,63226,0,1,5,0,1,26,1,5,60432,74329,1,2,9,1,0,35,0,1,0
41060,52381,0,1,1,0,0,10,0,6,48988,60635,0,3,8,1,1,19,0,0,0
68740,101048,0,0,4,2,0,64,0,0,66529,92320,0,0,1,0,0,62,0,0,1
55582,70384,0,3,10,2,0,31,1,6,46929,60758,0,0,2,0,1,22,0,0,1
46425,54794,0,0,3,0,1,24,1,3,54374,63000,0,4,9,1,0,30,0,3,0
53416,62346,0,2,6,0,1,28,0,5,47586,63716,0,1,2,0,0,19,1,1,1
62259,74096,1,3,11,3,1,26,0,3,55090,71318,0,0,3,0,0,35,1,3,1
23899,28645,0,0,1,0,0,6,0,0,29515,31943,0,1,1,0,0,16,0,6,0
55517,68964,0,1,9,2,1,32,1,6,48082,58171,0,2,4,0,0,20,0,0,1
63290,77896,0,2,3,0,1,32,0,6,68791,79957,1,2,10,2,0,40,1,0,0
57938,68450,0,1,8,1,1,31,1,5,51208,62719,0,2,3,0,0,22,0,1,1
65951,83714,1,3,8,1,1,46,1,6,57097,67785,0,1,3,0,0,27,0,0,1
52045,63991,0,3,7,1,1,32,1,4,46187,52540,0,1,2,0,0,24,0,2,1
59620,75140,0,2,9,2,1,37,1,6,51216,62384,0,2,3,0,0,18,0,0,1
25487,31704,0,0,0,0,0,3,0,6,30831,37652,0,2,1,0,0,19,0,0,0
56746,62673,0,0,5,0,1,26,1,3,58761,74451,1,3,8,1,0,35,0,3,0
44820,54076,0,2,4,0,0,13,0,6,51886,64050,0,1,6,1,1,30,1,0,0
51425,54184,0,0,2,0,0,26,0,1,56018,66446,0,3,9,2,1,38,1,5,0
41961,44523,0,2,5,0,0,25,0,5,29908,35931,0,1,1,0,0,6,0,1,1
38736,47244,0,0,3,0,0,10,0,6,41574,58584,0,3,3,0,1,18,1,0,0
25271,29270,0,0,0,0,0,8,0,2,30070,35049,0,2,2,0,0,14,0,4,0
64424,90114,0,0,4,2,0,46,0,0,59116,83280,0,0,1,0,0,40,0,0,1
33589,34902,0,1,3,0,0,23,0,5,25596,29138,0,0,0,0,0,8,0,1,1
64972,83243,0,3,6,1,0,31,1,1,69475,85382,1,2,11,2,1,35,0,5,1
50435,55445,0,2,4,0,1,36,1,4,44472,45484,0,1,2,0,0,26,0,2,1
47457,58681,0,0,2,0,0,17,0,0,61424,75512,1,3,11,3,1,28,1,6,0
79653,108936,1,3,9,1,1,36,1,4,76272,97995,0,2,8,1,0,34,0,1,1
27855,32591,0,0,0,0,0,10,0,0,32163,36551,0,1,1,0,0,23,0,6,0
57044,65960,0,2,10,1,1,37,0,0,52589,67326,0,1,6,1,0,27,1,6,1
49862,60302,0,2,4,0,1,13,0,4,58529,74012,1,2,9,1,0,20,1,2,0
48728,56959,0,1,7,1,1,30,0,6,44618,56234,0,2,2,0,0,26,1,0,1
36527,45657,0,2,2,0,1,18,0,0,30869,38382,0,0,1,0,0,7,0,6,1
71094,81911,1,0,7,0,1,24,0,1,75614,96635,1,5,9,1,0,38,1,5,0
60838,79819,0,2,2,0,0,29,0,0,71076,89383,1,3,11,3,1,31,1,6,0
49780,64284,0,2,9,1,1,27,1,6,38797,47234,0,1,3,0,0,5,0,0,1
61121,82237,1,3,9,2,1,31,1,4,47972,62841,0,1,3,0,0,10,0,1,1
68519,89194,1,2,10,2,0,38,1,3,55063,65980,0,1,3,0,1,25,0,3,1
61450,75670,0,0,5,0,1,25,0,3,68187,88035,1,4,5,0,0,38,1,3,0
58453,73311,0,4,7,1,0,26,0,3,64658,81350,1,0,7,1,1,28,1,3,1
68146,90126,1,2,9,2,0,41,1,6,55780,68525,0,3,3,0,0,29,0,0,1
46427,51962,0,3,5,0,1,32,0,3,39931,51456,0,0,3,0,0,24,1,3,1
36800,47836,0,1,0,0,0,11,0,3,45673,53915,0,2,5,0,1,31,0,3,0
54797,65022,0,2,2,0,0,30,0,5,64304,75531,1,2,10,2,0,38,1,1,0
39278,46491,0,0,1,0,1,19,0,6,48922,59813,0,2,4,0,0,33,1,0,0
52516,65569,0,0,3,0,0,22,0,6,66021,85999,1,4,5,0,1,47,1,0,0
51116,63293,0,0,3,0,0,18,1,6,59136,77536,1,4,7,2,1,33,0,0,0
53360,60981,0,1,10,1,1,36,0,6,39672,49444,0,2,0,0,0,16,0,0,1
43518,54803,0,1,2,0,0,15,0,5,54954,68268,0,3,11,3,1,30,1,1,0
42375,51603,0,1,5,0,1,23,0,4,34649,39874,0,1,2,0,0,11,0,2,1
37701,46259,0,0,2,0,0,18,0,2,48605,61029,0,3,9,2,1,26,1,4,0
35439,38829,0,2,1,0,0,18,0,0,37509,43550,0,1,2,0,1,24,0,6,0
23371,27249,0,0,0,0,0,9,0,0,32292,34168,0,1,3,0,0,25,0,6,0
45598,55480,0,0,4,0,0,26,0,2,46611,63316,0,3,5,0,1,24,1,1,0
40609,52986,0,0,2,0,1,37,0,0,30636,41678,0,1,1,0,0,10,0,6,1
55846,71935,0,1,3,0,0,28,0,6,71757,88834,1,2,11,3,1,51,1,0,0
57090,70556,0,2,5,0,1,33,0,6,63036,81648,1,2,11,3,0,35,1,0,0
67485,85154,1,2,9,3,1,40,0,3,60642,73258,0,2,3,0,0,31,0,3,1
49520,58152,0,0,4,0,0,18,0,6,59044,73797,1,3,9,1,1,40,1,0,0
44440,57176,0,3,4,0,1,30,1,4,36970,42976,0,0,0,0,0,15,0,2,1
81185,108107,0,2,7,1,1,39,1,6,82171,107992,2,4,11,6,0,28,0,0,0
65998,83159,1,1,10,2,1,44,0,6,52685,69739,0,3,2,0,0,23,1,0,1
62705,77686,1,3,9,1,1,35,1,6,54545,63398,0,1,6,1,0,19,0,0,1
31937,37393,0,0,1,0,0,8,0,0,39533,44268,0,1,4,0,0,20,0,6,0
53969,69859,0,3,9,1,1,31,1,5,51103,59381,0,1,4,0,0,18,0,1,1
80021,107775,1,3,7,1,0,33,1,3,76793,96144,1,3,7,1,1,29,0,3,1
70633,87408,0,2,4,0,0,44,0,2,73579,101506,2,3,9,4,1,46,1,4,0
36370,36912,0,2,4,0,0,24,0,6,24692,29230,0,0,0,0,0,9,0,0,1
64854,82332,1,2,8,1,1,38,1,6,55396,68402,0,2,1,0,0,28,0,0,1
47177,55101,0,0,3,0,0,17,0,4,60767,72126,0,4,10,2,1,49,1,2,0
51552,58836,0,3,4,0,0,24,1,3,60737,74619,1,1,8,1,1,39,0,3,0
61512,79405,1,3,10,2,1,36,1,6,53483,61488,0,1,1,0,0,24,0,0,1
63858,81033,1,2,9,2,1,36,1,3,59275,70203,0,1,5,0,0,32,0,3,1
49492,61554,0,2,7,1,1,27,1,5,45370,52737,0,1,4,0,0,16,0,1,1
34518,35406,0,2,2,0,0,26,0,1,27030,27623,0,0,0,0,0,13,0,2,1
49655,55106,0,1,3,0,0,29,0,5,57462,71626,0,1,8,1,1,35,1,1,0
66629,84835,1,2,10,2,0,30,0,6,57940,74014,0,2,4,0,1,24,1,0,1
40976,52032,0,0,3,0,1,15,0,6,44971,55463,0,3,6,1,0,18,0,0,0
44201,58395,0,0,2,0,0,14,0,3,57106,73725,0,4,10,1,1,33,1,3,0
73543,93310,2,2,11,3,0,32,1,3,62353,80135,0,3,3,0,1,18,0,3,1
42784,51306,0,3,8,1,1,18,0,6,32392,40889,0,0,1,0,0,6,0,0,1
72591,93882,2,4,11,3,0,39,1,2,57697,72439,0,0,4,0,1,16,0,4,1
62066,73575,0,2,11,3,1,33,1,5,54028,68950,0,1,1,0,0,30,0,1,1
26179,31441,0,1,0,0,0,8,0,6,32172,37022,0,1,2,0,0,20,0,0,0
54373,63969,0,0,4,0,1,24,0,3,61570,80279,0,4,8,1,0,38,1,1,0
32328,34221,0,0,3,0,0,15,0,6,24570,28681,0,2,0,0,0,8,0,0,1
19786,24620,0,0,0,0,0,5,0,0,24737,28708,0,1,1,0,0,5,0,6,0
49654,63805,0,2,4,0,1,24,1,0,43134,53329,0,1,4,0,0,9,0,6,1
52731,68567,0,2,1,0,0,27,1,3,61537,71363,1,2,11,4,1,32,0,3,0
42937,51593,0,2,2,0,1,15,0,0,52106,63346,0,1,10,2,0,28,1,6,0
67147,86322,1,2,10,2,1,24,1,6,57479,70418,0,3,4,0,0,25,0,0,1
49190,63859,0,0,3,0,0,14,0,3,59750,79657,1,4,10,2,1,31,1,3,0
32649,34083,0,0,2,0,0,15,0,3,38185,42750,0,2,3,0,1,21,0,3,0
33316,32782,0,1,5,0,0,19,0,5,24232,27949,0,0,1,0,0,4,0,1,1
35764,32463,0,1,4,0,0,24,0,6,23420,24863,0,1,0,0,0,10,0,0,1
64371,80639,0,3,6,1,1,40,1,0,72035,90652,1,2,8,1,0,35,0,6,0
50125,58876,0,1,9,1,0,26,0,6,41072,49015,0,2,2,0,0,15,0,0,1
75816,96247,2,2,10,2,0,36,1,0,64410,79725,0,3,5,0,1,20,0,6,1
62705,80889,0,2,3,0,1,32,0,1,72491,93302,1,3,11,2,0,45,1,5,0
59260,76727,1,2,11,2,1,25,1,6,44296,60445,0,2,1,0,0,8,0,0,1
67925,86225,0,3,5,0,1,24,1,6,75605,93488,1,2,9,1,0,34,0,0,0
35668,47355,0,1,0,0,0,8,0,5,53392,62432,0,1,11,3,1,28,0,1,0
68744,83936,0,3,5,0,1,38,0,4,73658,91229,2,2,11,3,0,39,1,2,0
56070,70868,0,1,3,0,0,20,0,6,67452,86348,1,4,8,2,0,37,1,0,0
58151,68840,0,3,6,0,0,33,0,1,60489,73503,0,1,10,2,1,38,1,2,0
56595,70435,0,2,5,0,1,24,1,6,67343,82934,1,2,9,1,0,38,0,0,0
65958,83097,1,1,10,2,1,31,1,3,55705,64200,0,3,4,0,0,27,0,1,1
82748,108836,1,4,8,1,0,39,1,6,77050,93877,1,2,8,3,1,31,0,0,1
44505,53306,0,0,2,0,0,23,0,1,54316,66604,0,3,9,1,0,30,1,5,0
67262,81201,0,4,10,2,1,39,0,3,61842,79317,1,1,5,0,0,26,1,3,1
108479,136027,3,4,7,1,1,53,1,1,109418,141720,1,3,11,5,0,58,0,2,0
57236,73151,0,2,8,1,1,41,1,1,53965,65898,1,1,6,0,0,16,0,5,1
73563,91092,1,3,8,1,0,44,1,2,71385,87237,1,2,5,1,0,42,0,4,1
74758,84066,1,2,6,0,1,44,0,5,79736,97429,1,3,9,1,0,51,1,1,0
61379,82899,1,2,9,1,0,35,1,1,54586,62690,0,2,4,0,1,18,0,5,1
53761,67413,0,2,9,2,1,26,1,4,43737,54348,0,1,1,0,0,16,0,2,1
72317,87211,0,2,10,2,0,31,0,3,69002,92779,1,3,5,0,1,31,1,3,1
58061,68478,0,2,9,1,1,35,1,3,45384,55020,0,1,2,0,0,22,0,3,1
66589,81172,0,1,6,0,0,29,0,0,72406,89891,1,4,10,1,1,54,1,6,0
42853,51623,0,0,0,0,0,17,0,0,57669,66446,0,3,11,3,1,45,0,6,0
42778,49391,0,0,2,0,1,17,0,2,54494,65513,0,3,7,1,0,37,1,4,0
49787,62229,0,1,1,0,0,23,0,3,63240,75315,1,3,10,2,1,34,1,3,0
34645,43550,0,1,0,0,0,12,0,4,42144,51269,0,2,3,0,1,32,0,2,0
78510,97891,1,5,13,6,1,50,1,6,71232,93303,1,0,3,0,0,31,0,0,1
53978,68712,0,0,4,0,1,26,1,5,55463,71507,1,4,5,1,0,27,0,1,0
51058,61706,0,3,3,0,1,21,0,0,63041,78522,1,1,9,1,0,36,1,6,0
64807,80737,1,3,9,1,1,34,1,6,51532,65198,0,1,2,0,0,16,0,0,1
60847,69290,0,0,2,0,0,29,0,6,69940,87362,1,4,10,2,0,47,1,0,0
80948,94198,1,2,10,1,1,48,0,0,81313,103570,1,4,8,1,0,42,1,6,0
65783,81388,1,1,7,2,0,20,0,3,71476,93148,1,4,11,2,1,34,1,3,0
49732,57579,0,0,2,0,1,29,0,3,56734,67892,0,3,10,1,0,32,1,3,0
39821,46754,0,2,1,0,0,13,0,0,51113,61217,0,1,10,1,1,27,1,6,0
33992,40389,0,1,0,0,0,10,0,1,47558,58477,0,1,10,1,0,26,1,5,0
43904,45933,0,2,9,2,1,29,0,4,32913,38359,0,0,1,0,0,10,0,2,1
78358,105365,2,3,6,0,1,35,0,3,75884,93539,0,3,10,2,0,28,1,3,0
60738,72124,0,1,6,0,1,35,0,5,63751,79762,1,3,9,1,0,37,1,1,0
59034,75061,1,0,4,0,0,17,0,5,62121,79747,0,4,11,4,1,23,1,1,0
47591,59750,0,0,1,0,0,19,0,4,57141,75131,0,4,11,3,1,39,1,2,0
60347,75595,1,2,10,2,1,36,1,5,48963,58023,0,1,4,0,0,16,0,1,1
38091,46412,0,0,2,0,0,12,0,1,51254,59625,0,2,9,2,1,32,0,5,0
59922,78797,0,1,9,1,0,35,1,5,48551,61013,0,2,3,0,1,14,0,1,1
63294,78755,0,3,10,2,1,28,1,6,60602,80047,1,0,4,0,0,23,0,0,1
33000,34026,0,1,3,0,0,16,0,6,24798,28814,0,1,0,0,0,6,0,0,1
74287,97859,0,1,4,0,0,26,1,6,88624,113707,3,5,12,4,1,33,0,0,0
45101,51384,0,0,2,0,1,19,0,0,56713,70609,0,3,8,1,0,36,1,6,0
50074,65362,0,2,4,0,0,14,1,6,61247,77320,1,2,11,3,1,29,0,0,0
63019,86774,0,0,4,1,0,55,0,0,55650,74967,0,0,1,0,0,38,0,0,1
25017,29552,0,1,0,0,0,7,0,0,31299,33739,0,0,1,0,0,18,0,6,0
68443,88936,1,2,8,1,0,36,1,6,59917,76738,0,3,2,0,1,28,0,0,1
64198,70602,0,2,3,0,1,36,0,4,68971,80777,1,3,9,1,0,43,1,2,0
95725,118580,2,3,9,1,1,52,0,6,89284,115391,1,3,5,0,0,42,1,0,1
44925,55495,0,0,4,0,0,16,0,0,55356,68095,0,3,10,2,1,36,1,6,0
89288,148216,0,0,4,1,0,78,0,0,88902,142303,0,0,3,1,0,83,0,0,1
61399,84128,0,0,4,2,0,63,0,0,55955,75108,0,0,1,0,0,41,0,0,1
62189,80484,1,4,11,3,1,33,1,6,49265,61105,0,0,0,0,0,23,0,0,1
24337,30661,0,0,0,0,0,5,0,0,33053,34430,0,1,3,0,0,17,0,6,0
48012,61717,0,1,7,1,1,26,1,6,39981,49471,0,2,0,0,0,12,0,0,1
61043,77918,1,4,10,2,1,32,0,3,55358,67010,0,0,4,0,0,26,1,0,1
60616,75911,1,4,10,2,1,29,1,3,47674,60233,0,0,2,0,0,12,0,3,1
49970,63677,0,1,4,0,1,15,0,4,61047,83355,1,3,10,1,0,30,1,1,0
46485,57555,0,0,2,0,0,21,0,6,56453,70364,0,4,9,2,1,32,1,0,0
67568,85635,0,3,11,3,0,45,1,6,58630,74224,1,1,4,0,1,24,0,0,1
26808,28858,0,0,1,0,0,5,0,2,35010,33691,0,1,3,0,0,23,0,4,0
33138,34771,0,2,3,0,0,22,0,5,23019,27493,0,0,0,0,0,6,0,1,1
56483,78293,1,3,3,0,1,36,1,0,46669,58334,0,1,4,0,0,12,0,6,1
70968,84738,1,3,6,1,0,46,1,4,72912,85924,1,2,8,1,1,44,0,2,0
57376,74684,0,3,5,0,0,17,0,6,62074,81760,1,2,7,1,1,32,1,0,0
59282,68755,0,1,8,2,1,30,1,4,43404,53061,0,2,2,0,0,11,0,2,1
42650,47914,0,1,8,1,1,20,0,6,29034,36222,0,1,0,0,0,8,0,0,1
34630,44811,0,0,0,0,0,9,0,3,42478,50255,0,3,4,0,1,22,0,3,0
28041,34086,0,2,0,0,0,11,0,1,34778,37465,0,0,4,0,0,17,0,5,0
68781,87987,1,4,10,2,0,35,1,2,56720,70359,0,0,2,0,1,30,0,1,1
53128,65084,0,1,2,0,0,28,0,1,63599,84124,1,3,10,2,1,38,1,5,0
36432,39492,0,1,3,0,0,25,0,6,28786,34235,0,1,0,0,0,9,0,0,1
41350,50454,0,2,4,0,1,24,0,3,31791,41047,0,0,0,0,0,11,0,3,1
68615,87824,1,4,10,2,1,44,0,5,57795,71298,0,0,5,0,0,19,1,1,1
51163,61485,0,0,3,0,1,18,0,0,63055,76637,0,3,9,2,0,40,1,6,0
51937,60338,0,1,5,0,1,31,0,2,54991,67029,0,3,8,1,0,32,1,4,0
63394,77787,1,3,10,1,1,37,1,4,55107,63090,0,1,4,0,0,25,0,2,1
80858,128021,0,0,1,0,0,60,0,0,83190,127675,0,0,4,2,0,57,0,0,0
82689,132902,0,0,2,1,0,72,0,0,85665,136850,0,0,4,2,0,81,0,0,0
83532,132155,0,0,4,1,0,77,0,0,78109,119249,0,0,2,0,0,67,0,0,1
55062,71598,0,3,11,2,1,29,1,1,46406,58425,0,1,3,0,0,17,0,5,1
56839,75158,0,0,1,0,0,35,0,0,64922,89376,0,0,4,1,0,57,0,0,0
32713,37460,0,0,3,0,0,18,0,6,25230,31757,0,1,0,0,0,7,0,0,1
23578,25442,0,0,1,0,0,4,0,3,31830,30550,0,2,3,0,0,19,0,3,0
72441,109974,0,0,4,2,0,71,0,0,67806,100041,0,0,1,0,0,59,0,0,1
70687,102593,0,0,1,0,0,60,0,0,73715,106087,0,0,4,2,0,66,0,0,0
52151,67497,0,1,5,0,1,17,1,0,61455,74509,1,3,11,3,0,22,0,6,0
32975,39249,0,2,2,0,0,13,0,3,28052,35948,0,1,1,0,0,3,0,3,1
85285,139717,0,0,4,2,0,92,0,0,77112,116521,0,0,1,0,0,57,0,0,1
60004,78508,1,4,9,2,1,30,1,2,48686,61098,0,0,1,0,0,25,0,4,1
72985,109988,0,0,2,1,0,66,0,0,74082,111010,0,0,4,2,0,68,0,0,0
63185,78330,0,3,6,0,1,34,1,5,68353,82180,1,2,9,2,0,38,0,1,0
38444,44742,0,3,4,0,0,24,0,0,31368,38402,0,0,0,0,0,15,0,6,1
42833,54192,0,2,1,0,0,15,0,0,57616,68581,0,1,11,3,1,43,1,6,0
29427,34207,0,1,1,0,0,15,0,6,22424,28732,0,1,0,0,0,2,0,0,1
57084,72948,0,3,8,1,1,23,1,0,46853,59543,0,1,4,0,0,6,0,6,1
77908,99905,1,2,8,1,1,57,1,3,72623,84997,0,2,8,0,0,45,0,3,1
62424,80097,1,3,10,2,1,35,1,3,50152,59692,0,1,3,0,0,16,0,3,1
55836,68240,0,0,3,0,0,25,0,0,67117,83282,1,3,9,1,1,44,1,6,0
44642,53655,0,0,3,0,1,17,0,6,52828,66605,0,2,6,1,0,29,1,0,0
38789,45812,0,0,1,0,0,16,0,3,51524,59154,0,2,5,0,1,35,0,3,0
64622,81453,1,3,10,2,1,44,1,5,54387,66485,0,1,4,0,0,20,0,1,1
42074,48437,0,2,5,0,1,23,0,4,33002,35142,0,1,1,0,0,17,0,2,1
57355,70307,0,4,11,1,1,34,1,6,46196,61230,0,0,1,0,0,15,0,0,1
47367,58070,0,1,1,0,0,17,0,3,64310,77342,1,3,9,0,1,29,1,3,0
85704,110399,1,3,7,1,1,33,1,1,82275,103092,2,3,11,4,0,28,0,5,1
49963,56129,0,1,8,1,1,31,0,6,42662,51682,0,1,2,0,0,18,0,0,1
56337,61292,0,2,11,1,1,44,0,3,41783,49703,0,0,1,0,0,19,0,3,1
23687,28072,0,0,0,0,0,8,0,1,32054,34498,0,1,3,0,0,17,0,5,0
56241,67129,1,2,9,2,1,23,1,6,54879,66024,0,1,4,0,0,29,0,0,1
61533,83094,1,2,11,3,1,29,1,6,51359,64643,0,2,3,0,0,15,0,0,1
69223,80299,0,2,9,1,0,41,0,4,60962,74513,1,2,4,0,1,29,1,2,1
57811,77687,1,3,11,3,1,25,1,1,48431,64231,0,0,3,0,0,12,0,5,1
32685,33700,0,1,2,0,0,17,0,6,32761,35232,0,1,3,0,1,14,0,0,0
48631,60309,0,0,2,0,0,13,0,6,57536,75608,1,4,6,0,1,27,1,0,0
46415,50441,0,0,5,0,0,20,0,6,54808,69932,0,3,8,1,1,38,1,0,0
33629,35783,0,1,4,0,0,19,0,6,23174,26529,0,0,1,0,0,5,0,0,1
63363,82824,1,0,7,1,0,33,0,0,56930,73296,0,4,4,0,1,27,1,6,1
87129,114251,1,2,7,1,1,37,1,6,87478,111416,1,5,9,3,0,35,0,0,1
74124,90835,1,1,10,4,1,37,1,5,79314,107380,1,5,7,1,0,47,0,1,0
44951,53738,0,0,2,0,0,25,0,6,51888,61476,0,3,7,1,1,37,0,0,0
23958,27477,0,0,0,0,0,6,0,2,33955,33372,0,1,5,0,0,18,0,4,0
54628,70742,1,0,2,0,1,23,0,6,62732,78439,0,4,10,2,0,38,1,0,0
45058,51669,0,0,6,1,1,22,0,4,34868,42536,0,2,1,0,0,16,0,2,1
50948,61116,0,2,7,1,1,34,1,0,41776,46639,0,0,1,0,0,26,0,6,1
39105,44815,0,2,6,1,1,15,0,4,30783,36409,0,0,0,0,0,9,0,2,1
57718,73896,0,0,3,0,0,28,0,0,71465,92091,1,4,11,3,1,44,1,6,0
53879,66068,0,1,4,0,0,25,0,5,64513,80618,1,3,8,1,1,40,0,1,0
53132,62629,0,1,3,0,1,26,0,2,65880,85523,1,2,10,2,0,39,1,4,0
58795,75167,0,0,3,0,0,22,0,3,69819,93355,1,4,10,2,1,31,1,3,0
60112,73353,0,0,6,0,1,24,0,4,63235,86517,1,5,7,1,0,27,1,2,0
63210,77952,1,3,4,0,0,29,0,3,70541,88628,0,2,9,1,1,47,1,3,0
70926,86276,0,1,7,1,0,42,0,2,68894,82058,1,4,8,2,1,36,1,4,1
76461,96898,1,2,11,5,0,55,1,6,65806,82867,0,2,4,0,0,36,0,0,1
66681,84993,1,1,9,2,1,33,1,3,61055,74190,0,3,5,0,0,33,0,3,1
71732,92610,0,2,9,1,0,55,1,3,62002,75897,0,3,2,0,0,39,0,3,1
55040,67267,0,2,9,2,1,37,1,6,47882,55072,0,1,4,0,0,23,0,0,1
59736,75149,0,1,5,0,0,29,0,4,64742,83771,1,3,9,1,1,31,1,2,0
65379,82083,1,1,10,2,1,37,0,5,52047,67119,0,3,4,0,0,15,1,1,1
50194,64978,0,0,3,0,0,18,0,3,59965,80919,1,4,10,1,1,32,1,3,0
81284,105079,2,4,12,3,1,53,1,6,72490,92511,0,2,3,0,0,38,0,0,1
44367,53379,0,1,2,0,1,16,0,6,58260,72980,0,3,9,1,0,43,1,0,0
72106,90129,1,3,8,2,1,40,1,6,65544,81532,0,2,5,0,0,31,0,0,1
33078,36578,0,1,3,0,0,24,0,4,26826,31259,0,0,0,0,0,11,0,2,1
72883,89164,1,2,7,0,0,47,1,6,64737,78721,0,2,4,0,1,37,0,0,1
32606,33049,0,1,4,0,0,19,0,6,25490,26674,0,0,0,0,0,10,0,0,1
48501,54965,0,0,2,0,1,26,0,6,58530,71856,0,4,10,1,0,35,1,0,0
54786,68876,0,3,9,1,1,24,1,5,43279,55509,0,0,1,0,0,17,0,1,1
48417,55819,0,2,11,3,1,21,0,6,34135,41878,0,1,1,0,0,5,0,0,1
51983,70190,0,3,1,0,0,23,1,0,64270,78026,1,1,11,4,1,35,0,6,0
48382,54022,0,1,11,3,1,26,0,6,31113,42395,0,0,0,0,0,8,0,0,1
61062,75887,1,3,11,3,1,28,0,4,41822,63984,0,1,0,0,0,8,1,2,1
70370,88904,1,3,10,1,0,34,1,3,61239,75867,0,2,5,0,1,23,0,3,1
41851,48991,0,1,6,0,1,16,0,4,30869,41634,0,1,1,0,0,5,0,2,1
58676,76151,1,3,7,1,1,34,1,3,47526,59995,0,1,5,0,0,14,0,3,1
37452,37217,0,2,5,0,0,29,0,6,26215,30314,0,0,0,0,0,11,0,0,1
31350,34430,0,1,1,0,0,21,0,5,26856,28727,0,0,0,0,0,9,0,1,1
39763,47685,0,1,3,0,0,22,0,3,35681,45806,0,1,1,0,0,14,0,3,1
37656,41454,0,2,2,0,0,25,0,6,29008,33242,0,0,1,0,0,10,0,0,1
69477,84472,0,3,9,1,0,47,1,3,59820,76358,0,1,2,0,1,35,0,1,1
67674,84896,1,1,11,4,1,27,1,6,62835,82544,0,3,3,0,0,27,0,0,1
58947,62872,0,2,12,3,0,45,0,6,47989,56180,0,1,0,0,0,26,0,0,1
34500,39223,0,0,0,0,0,16,0,2,41061,46025,0,2,4,0,1,28,0,4,0
40438,48326,0,0,2,0,0,11,0,2,48880,64595,0,3,4,0,1,27,1,4,0
48099,57521,1,0,2,0,0,19,0,2,58262,69035,0,3,10,2,1,43,1,4,0
35385,34920,0,1,4,0,0,24,0,6,26225,29017,0,0,0,0,0,8,0,0,1
62995,80015,0,2,8,1,1,29,1,4,54819,68366,1,2,3,0,0,23,0,2,1
39449,50390,0,1,2,0,0,10,0,0,54386,63348,0,2,11,2,1,32,1,6,0
44999,55605,0,1,1,0,0,13,0,4,60251,76115,1,3,11,3,1,31,1,2,0
52090,66274,0,0,1,0,0,16,0,6,65496,84603,1,4,11,3,1,37,1,0,0
70595,90366,2,3,12,5,1,38,1,1,66686,88619,0,2,3,0,0,34,0,5,1
54567,69477,0,1,11,2,1,40,1,6,43403,52330,0,2,3,0,0,19,0,0,1
51149,60477,0,2,4,0,1,33,0,0,51666,62430,0,2,9,1,0,21,1,6,0
35746,40796,0,0,0,0,0,16,0,6,45238,52853,0,1,6,1,1,29,0,0,0
52746,63681,0,1,1,0,1,27,0,2,67312,83877,1,2,11,2,0,50,1,4,0
65508,80779,0,0,7,0,1,33,1,6,65300,86226,1,4,4,0,0,31,0,0,0
25138,27082,0,0,0,0,0,8,0,3,33792,35864,0,2,2,0,0,25,0,3,0
91769,142718,0,0,2,2,0,68,0,0,91194,154313,0,0,4,4,0,84,0,0,0
64763,89518,0,0,0,0,0,45,0,0,71840,105818,0,0,4,3,0,75,0,0,0
76847,114982,0,0,2,1,0,57,0,0,81682,120844,0,0,4,2,0,69,0,0,0
52519,65392,0,0,2,1,0,51,0,0,47584,58633,0,0,0,0,0,43,0,0,1
62264,83038,0,0,2,1,0,55,0,0,65800,93681,0,0,4,1,0,55,0,0,0
72027,105656,0,0,2,1,0,61,0,0,74312,110454,0,0,4,2,0,72,0,0,0
37935,46151,0,0,0,0,0,10,0,4,48321,58230,0,3,9,1,1,22,1,2,0
33484,40355,0,0,2,0,0,20,0,5,33531,36385,0,1,2,0,1,15,0,1,1
54614,70641,0,0,7,1,1,16,1,5,59987,77682,1,4,7,1,0,30,0,1,0
68832,88467,1,3,8,2,1,41,0,0,60835,76892,0,2,3,0,0,22,1,6,1
34544,42036,0,2,3,0,1,17,0,3,30201,36929,0,0,1,0,0,8,0,3,1
55221,73362,0,1,1,0,0,23,1,3,63486,82285,1,3,9,1,1,22,0,3,0
49927,56526,0,0,2,0,0,26,0,5,56454,69225,0,4,8,1,1,34,1,1,0
42246,55705,0,1,3,0,0,11,0,6,47280,61561,0,2,3,0,0,17,1,0,0
57666,75609,1,0,8,1,1,29,1,0,54778,64179,0,4,6,0,0,24,0,6,1
63862,86594,1,2,9,1,1,39,1,4,55975,67298,0,1,3,0,0,20,0,2,1
